autor_key,autor,abhandlungen,jahr_von,jahr_bis,gnd,gnd_name,wikidata,score,abstand,status,geburt,tod,akademiemitglied,berufe,affiliation
ehrenberg-christian-gottfried,"Ehrenberg, Christian Gottfried",303,1830,1876,118529250,"Ehrenberg, Christian Gottfried",Q76549,1.0,1.0,sicher,1795.0,1876.0,True,Naturwissenschaftler; Arzt; Zoologe; Paläontologe,Königliche Akademie der Wissenschaften (Berlin); Kaiserlich Leopoldinisch-Carolinische Deutsche Akademie der Naturforscher; Friedrich-Wilhelms-Universität Berlin
peters-wilhelm,"Peters, Wilhelm",274,1844,1883,104356480,"Peters, Wilhelm C. H.",Q58029,1.0,0.35,sicher,1815.0,1883.0,True,Forschungsreisender; Zoologe,Kaiserlich Leopoldinisch-Carolinische Deutsche Akademie der Naturforscher
dove-heinrich-wilhelm,"Dove, Heinrich Wilhelm",182,1837,1877,116190949,"Dove, Heinrich Wilhelm",Q61697,1.0,1.0,sicher,1803.0,1879.0,True,Physiker; Meteorologe; Hochschullehrer,Friedrich-Wilhelms-Universität Berlin; Friedrich-Wilhelms-Universität Berlin. Meteorologisches Institut; Kaiserlich Leopoldinisch-Carolinische Deutsche Akademie der Naturforscher
bekker-immanuel,"Bekker, Immanuel",162,1829,1871,118850210,"Bekker, Immanuel",Q77606,1.0,1.0,sicher,1785.0,1871.0,True,Philologe; Klassischer Philologe; Romanist; Hochschullehrer,Friedrich-Wilhelms-Universität Berlin
rose-heinrich,"Rose, Heinrich",151,1833,1863,118602640,"Rose, Heinrich",Q77286,1.0,0.33,sicher,1795.0,1864.0,True,Chemiker; Pharmazeut; Hochschullehrer,Kaiserlich Leopoldinisch-Carolinische Deutsche Akademie der Naturforscher
formey-samuel,"Formey, Samuel",143,1746,1798,119353210,"Formey, Jean Henri Samuel",Q88385,1.0,1.0,sicher,1711.0,1797.0,True,Schriftsteller; Sekretär; Theologe; Historiker,Kaiserlich Leopoldinisch-Carolinische Deutsche Akademie der Naturforscher; Königliche Akademie der Wissenschaften (Berlin)
kronecker-leopold,"Kronecker, Leopold",134,1853,1895,118567020,"Kronecker, Leopold",Q76410,1.0,1.0,sicher,1823.0,1891.0,True,Mathematiker,Kaiserlich Leopoldinisch-Carolinische Deutsche Akademie der Naturforscher
euler-leonhard,"Euler, Leonhard",133,1743,1786,118531379,"Euler, Leonhard",Q7604,1.0,1.0,sicher,1707.0,1783.0,True,Mathematiker; Physiker; Physiologe; Arzt,Imperatorskaja akademija nauk; Königliche Akademie der Wissenschaften (Berlin)
encke-johann-franz,"Encke, Johann Franz",118,1826,1862,116471727,"Encke, Johann Franz",Q57294,1.0,1.0,sicher,1791.0,1865.0,True,Astronom; Mathematiker; Hochschullehrer,Königliche Sternwarte zu Berlin; Sternwarte Seeberg; Kaiserlich Leopoldinisch-Carolinische Deutsche Akademie der Naturforscher
hofmann-august-wilhelm-von,"Hofmann, August Wilhelm von",114,1856,1890,118552627,"Hofmann, August Wilhelm von",Q76360,1.0,1.0,sicher,1818.0,1892.0,True,Chemiker,Kaiserlich Leopoldinisch-Carolinische Deutsche Akademie der Naturforscher
rammelsberg-karl-friedrich,"Rammelsberg, Karl Friedrich",103,1840,1894,116327480,"Rammelsberg, Carl F.",Q67067,1.0,1.0,sicher,1813.0,1899.0,True,Politiker; Mineraloge; Chemiker,
muller-johannes,"Müller, Johannes",90,1836,1859,118585053,"Müller, Johannes",Q57992,1.0,0.25,sicher,1801.0,1858.0,True,Arzt; Physiologe,Kaiserlich Leopoldinisch-Carolinische Deutsche Akademie der Naturforscher; Friedrich-Wilhelms-Universität Berlin
achard-franz-karl,"Achard, Franz Karl",82,1779,1798,118643622,"Achard, Franz Carl",Q60193,1.0,1.0,sicher,1753.0,1821.0,True,Chemiker; Physiker; Naturwissenschaftler,Königliche Akademie der Wissenschaften (Berlin); Kaiserlich Leopoldinisch-Carolinische Deutsche Akademie der Naturforscher
poggendorff-johann-christian,"Poggendorff, Johann Christian",76,1839,1875,116250836,"Poggendorff, Johann C.",Q61197,1.0,1.0,sicher,1796.0,1877.0,True,Physiker; Apotheker; Wissenschaftshistoriker,
frisch-johann-leonhard,"Frisch, Johann Leonhard",74,1710,1781,118536095,"Frisch, Johann Leonhard",Q97126,1.0,1.0,sicher,1666.0,1743.0,True,Naturwissenschaftler; Linguist; Lexikograf; Gymnasiallehrer,Berlinisches Gymnasium Zum Grauen Kloster; Sacri Romani Imperii Academia Caesareo-Leopoldina Naturae Curiosorum
du-bois-reymond-emil,"Du Bois-reymond, Emil",72,1851,1896,118527665,"Du Bois-Reymond, Emil",Q76571,1.0,1.0,sicher,1818.0,1896.0,True,Arzt; Philosoph; Physiologe; Hochschullehrer,Friedrich-Wilhelms-Universität Berlin; Preußische Akademie der Wissenschaften; Königliche Akademie der Wissenschaften (Berlin)
gerhard-eduard,"Gerhard, Eduard",70,1838,1866,118717030,"Gerhard, Eduard",Q66921,1.0,1.0,sicher,1795.0,1867.0,True,Archäologe; Lehrer; Bibliothekar; Schriftsteller,
beguelin-nikolaus-von,"Beguelin, Nikolaus von",68,1751,1792,116109238,"Béguelin, Nikolaus von",Q3340917,1.0,1.0,sicher,1714.0,1789.0,True,Mathematiker; Physiker,
schott-wilhelm,"Schott, Wilhelm",67,1842,1888,100816525,"Schott, Wilhelm",Q76634,1.0,0.35,sicher,1802.0,1889.0,True,Philologe; Sinologe; Finnougrist; Orientalist,
lagrange-joseph-louis-comte-de,"Lagrange, Joseph Louis Comte de",65,1767,1805,118568698,"Lagrange, Joseph Louis de",Q80222,1.0,1.0,sicher,1736.0,1813.0,True,Mathematiker; Vermessungsingenieur; Hochschullehrer; Graf,
curtius-ernst,"Curtius, Ernst",65,1853,1896,116766557,"Curtius, Ernst",Q61407,1.0,1.0,sicher,1814.0,1896.0,True,Archäologe; Historiker; Philologe; Althistoriker,Georg-August-Universität Göttingen; Königliche Museen zu Berlin. Antikensammlungen; Friedrich-Wilhelms-Universität Berlin
marggraf-andreas-sigismund,"Marggraf, Andreas Sigismund",65,1740,1786,117544906,"Marggraf, Andreas Sigismund",Q57983,1.0,1.0,sicher,1709.0,1782.0,True,Chemiker; Apotheker; Physiker,
kirchhoff-adolf,"Kirchhoff, Adolf",61,1859,1895,116182431,"Kirchhoff, Adolf",Q77629,1.0,0.25,sicher,1826.0,1908.0,True,Klassischer Philologe,
merian-johann-bernhard,"Merian, Johann Bernhard",59,1751,1807,116892021,"Merian, Johann Bernhard",Q3180503,1.0,1.0,sicher,1723.0,1807.0,True,Philosoph; Bibliothekar; Schriftsteller,Preußische Akademie der Wissenschaften
weber-albrecht,"Weber, Albrecht",59,1857,1898,104075945,"Weber, Albrecht",Q72205,1.0,1.0,sicher,1825.0,1901.0,True,Indologe; Orientalist; Historiker; Philologe,Friedrich-Wilhelms-Universität Berlin
mommsen-theodor,"Mommsen, Theodor",55,1857,1898,118583425,"Mommsen, Theodor",Q25351,1.0,1.0,sicher,1817.0,1903.0,True,Historiker; Jurist; Germanist; Althistoriker,Monumenta Germaniae Historica; Friedrich-Wilhelms-Universität Berlin; Universität Zürich
lepsius-richard,"Lepsius, Richard",55,1837,1891,118727699,"Lepsius, Carl Richard",Q77231,1.0,1.0,sicher,1810.0,1884.0,True,Ägyptologe; Museumsdirektor; Bibliothekar; Philologe,Koninklijke Nederlandse Akademie van Wetenschappen; Archäologische Gesellschaft zu Berlin; Königliche Bibliothek zu Berlin
rose-gustav,"Rose, Gustav",55,1836,1872,116609036,"Rose, Gustav",Q64561,1.0,1.0,sicher,1798.0,1873.0,True,Geologe; Mineraloge,Kaiserlich Leopoldinisch-Carolinische Deutsche Akademie der Naturforscher
lambert-johann-heinrich,"Lambert, Johann Heinrich",53,1767,1786,118568876,"Lambert, Johann Heinrich",Q122999,1.0,1.0,sicher,1728.0,1777.0,True,Mathematiker; Physiker; Astronom; Philosoph,Königliche Akademie der Wissenschaften (Berlin)
bernoulli-johann,"Bernoulli, Johann",53,1710,1807,118509969,"Bernoulli, Johann",Q227897,1.0,1.0,sicher,1667.0,1748.0,True,Mathematiker; Physiker; Arzt; Hochschullehrer,Kurfürstlich-Brandenburgische Societät der Wissenschaften; Royal Society (London); Académie des Sciences (Paris)
klaproth-martin-heinrich,"Klaproth, Martin Heinrich",52,1792,1818,118723367,"Klaproth, Martin Heinrich",Q160196,1.0,1.0,sicher,1743.0,1817.0,True,Chemiker; Apotheker; Hochschullehrer,Universität zu Berlin
bockh-august,"Böckh, August",50,1815,1860,118808850,"Böckh, August",Q63183,1.0,1.0,sicher,1785.0,1867.0,True,Klassischer Philologe; Althistoriker; Philologe; Übersetzer,Königliche Akademie der Wissenschaften (Berlin)
gleditsch-johann-gottlieb,"Gleditsch, Johann Gottlieb",50,1750,1786,116657812,"Gleditsch, Johann Gottlieb",Q64257,1.0,0.805,sicher,1714.0,1786.0,True,Botaniker; Arzt,Kaiserlich Leopoldinisch-Carolinische Deutsche Akademie der Naturforscher
riess-peter-theophil,"Riess, Peter Theophil",47,1843,1877,116545259,"Riess, Peter Theophil",Q92503,1.0,1.0,sicher,1804.0,1883.0,True,Physiker,
grimm-jakob,"Grimm, Jakob",47,1842,1861,118542257,"Grimm, Jacob",Q6701,1.0,0.775,sicher,1785.0,1863.0,True,Philologe; Literaturwissenschaftler; Historiker; Schriftsteller,
trembley-jean,"Trembley, Jean",45,1777,1807,11740926X,"Trembley, Jean",Q6171607,1.0,0.43,sicher,1749.0,1811.0,True,Mathematiker; Philosoph; Naturwissenschaftler,Imperatorskaja akademija nauk; Preußische Akademie der Wissenschaften; Académie des Sciences (Paris)
kummer-ernst-eduard,"Kummer, Ernst Eduard",44,1847,1880,118725335,"Kummer, Ernst Eduard",Q57245,1.0,0.775,sicher,1810.0,1893.0,True,Mathematiker; Hochschullehrer,Friedrich-Wilhelms-Universität Berlin; Universität Breslau
weiss-christian-samuel,"Weiss, Christian Samuel",42,1818,1855,118806556,"Weiss, Christian Samuel",Q66165,1.0,0.799,sicher,1780.0,1856.0,True,Mineraloge; Physiker,Kaiserlich Leopoldinisch-Carolinische Deutsche Akademie der Naturforscher; Friedrich-Wilhelms-Universität Berlin; Universität Leipzig
heintz-wilhelm,"Heintz, Wilhelm",40,1844,1874,116673737,"Heintz, Wilhelm Heinrich",Q1599272,0.75,0.0,unsicher,1817.0,1880.0,False,Chemiker; Hochschullehrer; Apotheker,Universität Halle (Saale)
hagen-gotthilf,"Hagen, Gotthilf",39,1842,1884,118719874,"Hagen, Gotthilf",Q62726,0.9,0.9,sicher,1797.0,1884.0,True,Baumeister,
eller-johann-theodor,"Eller, Johann Theodor",39,1734,1786,100121934,"Eller, Johann Theodor",Q1654189,1.0,1.0,sicher,1689.0,1760.0,True,Arzt; Naturwissenschaftler; Chemiker,Sacri Romani Imperii Academia Caesareo-Leopoldina Naturae Curiosorum
magnus-gustav,"Magnus, Gustav",37,1841,1870,118576178,"Magnus, Heinrich Gustav",Q44318,1.0,1.0,sicher,1802.0,1870.0,True,Physiker; Chemiker; Hochschullehrer,
virchow-rudolf,"Virchow, Rudolf",37,1874,1899,118627198,"Virchow, Rudolf",Q76432,1.0,1.0,sicher,1821.0,1902.0,True,Arzt; Pathologe; Hochschullehrer; Anthropologe,Kaiserlich Leopoldinisch-Carolinische Deutsche Akademie der Naturforscher; Königliche Akademie der Wissenschaften (Berlin); Friedrich-Wilhelms-Universität Berlin. Pathologisches Institut zu Berlin
trendelenburg-friedrich-adolf,"Trendelenburg, Friedrich Adolf",37,1846,1870,11862380X,"Trendelenburg, Friedrich Adolf",Q61280,1.0,1.0,sicher,1802.0,1872.0,True,Philosoph; Pädagoge; Philologe,Friedrich-Wilhelms-Universität Berlin
pott-johann-heinrich,"Pott, Johann Heinrich",36,1727,1786,104286415,"Pott, Johann Heinrich",Q1694473,0.75,0.75,sicher,1692.0,1777.0,False,Chemiker; Arzt,
link-heinrich-friedrich,"Link, Heinrich Friedrich",35,1818,1851,104268190,"Link, Heinrich Friedrich",Q215466,1.0,1.0,sicher,1767.0,1851.0,True,Arzt; Naturwissenschaftler; Chemiker; Botaniker,Universität Rostock; Kaiserlich Leopoldinisch-Carolinische Deutsche Akademie der Naturforscher
karsten-karl-johann-bernhard,"Karsten, Karl Johann Bernhard",35,1825,1854,116061235,"Karsten, Carl J. B.",Q88421,1.0,1.0,sicher,1782.0,1853.0,True,Chemiker; Mineraloge; Oberbergrat,Kaiserlich Leopoldinisch-Carolinische Deutsche Akademie der Naturforscher
helmholtz-hermann-von,"Helmholtz, Hermann von",34,1850,1889,11854893X,"Helmholtz, Hermann von",Q60024,1.0,1.0,sicher,1821.0,1894.0,True,Physiker; Physiologe; Wissenschaftler,Universität Heidelberg; Königliche Akademie der Wissenschaften (Berlin)
denina-carlo,"Denina, Carlo",34,1784,1804,118902156,"Denina, Carlo",Q556342,1.0,1.0,sicher,1731.0,1813.0,True,Historiker; Schriftsteller; Philosoph; Bibliothekar,
hermbstaedt-sigismund-friedrich,"Hermbstaedt, Sigismund Friedrich",33,1803,1832,118549774,"Hermbstaedt, Sigismund Friedrich",Q216628,1.0,1.0,sicher,1760.0,1833.0,True,Apotheker; Chemiker,Kaiserlich Leopoldinisch-Carolinische Deutsche Akademie der Naturforscher
homeyer-karl-gustav,"Homeyer, Karl Gustav",32,1850,1873,130356514,"Homeyer, Carl Gustav",Q96595,1.0,1.0,sicher,1795.0,1874.0,True,Jurist,Friedrich-Wilhelms-Universität Berlin
mitscherlich-eilhard,"Mitscherlich, Eilhard",32,1820,1866,11858281X,"Mitscherlich, Eilhard",Q62518,1.0,1.0,sicher,1794.0,1863.0,True,Chemiker; Mineraloge,Kaiserlich Leopoldinisch-Carolinische Deutsche Akademie der Naturforscher
dirksen-heinrich-eduard,"Dirksen, Heinrich Eduard",32,1842,1864,11613853X,"Dirksen, Heinrich Eduard",Q104311,1.0,1.0,sicher,1790.0,1868.0,True,Jurist; Hochschullehrer,
lichtenstein-hinrich,"Lichtenstein, Hinrich",31,1818,1857,100190014,"Lichtenstein, Hinrich",Q60866,1.0,1.0,sicher,1780.0,1857.0,True,Naturwissenschaftler; Zoologe; Ethnologe; Arzt,Kaiserlich Leopoldinisch-Carolinische Deutsche Akademie der Naturforscher
vahlen-johannes,"Vahlen, Johannes",31,1875,1900,117325279,"Vahlen, Johannes",Q68062,1.0,1.0,sicher,1830.0,1911.0,True,Klassischer Philologe,Friedrich-Wilhelms-Universität Berlin
braun-alexander,"Braun, Alexander",30,1852,1883,116415576,"Braun, Alexander",Q62855,1.0,0.25,sicher,1805.0,1877.0,True,Biologe; Botaniker; Paläontologe,Kaiserlich Leopoldinisch-Carolinische Deutsche Akademie der Naturforscher
schwendener-simon,"Schwendener, Simon",30,1880,1899,117417815,"Schwendener, Simon",Q115641,1.0,1.0,sicher,1829.0,1919.0,True,Botaniker; Hochschullehrer; Biologe,Kaiserlich Leopoldinisch-Carolinische Deutsche Akademie der Naturforscher
kunth-karl-sigismund,"Kunth, Karl Sigismund",30,1832,1850,115674667,"Kunth, Carl Sigismund",Q77074,1.0,1.0,sicher,1788.0,1850.0,True,Botaniker,Kaiserlich Leopoldinisch-Carolinische Deutsche Akademie der Naturforscher
sulzer-johann-georg,"Sulzer, Johann Georg",29,1753,1786,11879941X,"Sulzer, Johann Georg",Q116036,1.0,1.0,sicher,1720.0,1779.0,True,Philosoph; Pädagoge; Theologe; Mathematiker,Königliche Akademie der Wissenschaften (Berlin); Königliches Joachimsthalsches Gymnasium
fuchs-lazarus,"Fuchs, Lazarus",28,1882,1899,116844329,"Fuchs, Lazarus",Q61758,1.0,1.0,sicher,1833.0,1902.0,True,Mathematiker; Hochschullehrer,Kaiserlich Leopoldinisch-Carolinische Deutsche Akademie der Naturforscher; Universität Heidelberg
diels-hermann,"Diels, Hermann",28,1882,1900,119061457,"Diels, Hermann",Q61889,1.0,1.0,sicher,1848.0,1922.0,True,Philologe; Klassischer Philologe; Übersetzer,
buch-leopold,"Buch, Leopold",28,1815,1852,116817569,"Buch, Leopold von",Q55021352,1.0,1.0,sicher,1774.0,1853.0,True,Geologe; Paläontologe; Autor,Kaiserlich Leopoldinisch-Carolinische Deutsche Akademie der Naturforscher
zumpt-karl-gottlob,"Zumpt, Karl Gottlob",28,1836,1847,117022470,"Zumpt, Karl Gottlob",Q69294,1.0,1.0,sicher,1792.0,1849.0,True,Philologe; Historiker; Grammatiker,
pertz-georg-heinrich,"Pertz, Georg Heinrich",27,1846,1875,118592858,"Pertz, Georg Heinrich",Q68383,1.0,1.0,sicher,1795.0,1876.0,True,Historiker; Redakteur; Bibliothekar,Königliche Bibliothek zu Berlin; Monumenta Germaniae Historica
kirch-christfried,"Kirch, Christfried",27,1723,1781,116181559,"Kirch, Christfried",Q100927,1.0,1.0,sicher,1694.0,1740.0,True,Astronom,
crelle-august-leopold,"Crelle, August Leopold",27,1832,1853,116725370,"Crelle, August L.",Q450998,1.0,1.0,sicher,1780.0,1855.0,True,Mathematiker; Architekt; Komponist; Sammler,
panofka-theodor,"Panofka, Theodor",27,1837,1858,116023260,"Panofka, Theodor Sigismund",Q70510,1.0,1.0,sicher,1800.0,1858.0,True,Archäologe; Heraldiker; Historiker; Philologe,
roth-justus,"Roth, Justus",26,1867,1887,11663832X,"Roth, Justus",Q73511,1.0,1.0,sicher,1818.0,1892.0,True,Geologe; Petrologe,Kaiserlich Leopoldinisch-Carolinische Deutsche Akademie der Naturforscher; Friedrich-Wilhelms-Universität Berlin
weierstrass-karl,"Weierstrass, Karl",26,1857,1891,11876618X,"Weierstraß, Karl",Q57103,1.0,1.0,sicher,1815.0,1897.0,True,Mathematiker; Hochschullehrer,Kaiserlich Leopoldinisch-Carolinische Deutsche Akademie der Naturforscher
dieterici-karl-friedrich-wilhelm,"Dieterici, Karl Friedrich Wilhelm",26,1847,1859,100842453,"Dieterici, Karl Friedrich Wilhelm",Q95965,1.0,1.0,sicher,1790.0,1859.0,True,Statistiker; Regierungsrat,
buch-leopold-von,"Buch, Leopold von",25,1819,1852,116817569,"Buch, Leopold von",Q55021352,1.0,1.0,sicher,1774.0,1853.0,True,Geologe; Paläontologe; Autor,Kaiserlich Leopoldinisch-Carolinische Deutsche Akademie der Naturforscher
pringsheim-nathanael,"Pringsheim, Nathanael",25,1855,1887,116290684,"Pringsheim, Nathanael",Q64047,1.0,1.0,sicher,1823.0,1894.0,True,Botaniker,Kaiserlich Leopoldinisch-Carolinische Deutsche Akademie der Naturforscher; Universität zu Jena; Deutsche Botanische Gesellschaft
kohler-ulrich,"Köhler, Ulrich",25,1864,1898,116285524,"Köhler, Ulrich",Q84560,1.0,0.829,sicher,1838.0,1903.0,True,Archäologe; Althistoriker; Epigraphiker,
schrader-eberhard,"Schrader, Eberhard",24,1876,1895,117024074,"Schrader, Eberhard",Q71881,1.0,0.775,sicher,1836.0,1908.0,True,Evangelischer Theologe; Alttestamentler; Orientalist; Philologe,
ritter-karl,"Ritter, Karl",24,1826,1858,11860130X,"Ritter, Carl",Q29297,1.0,0.25,sicher,1779.0,1859.0,True,Geograf; Forschungsreisender; Hochschullehrer,Friedrich-Wilhelms-Universität Berlin; Universität zu Berlin; Königliche Akademie der Wissenschaften (Berlin)
hoffmann-johann-gottfried,"Hoffmann, Johann Gottfried",24,1834,1846,116939710,"Hoffmann, Johann Gottfried",Q124523,1.0,1.0,sicher,1765.0,1847.0,True,Jurist; Politiker; Volkswirt; Staatswissenschaftler,Albertus-Universität zu Königsberg i. Pr.; Friedrich-Wilhelms-Universität Berlin
klug-friedrich,"Klug, Friedrich",24,1832,1855,116240792,"Klug, Friedrich",Q214001,1.0,1.0,sicher,1775.0,1856.0,True,Entomologe; Arzt,Kaiserlich Leopoldinisch-Carolinische Deutsche Akademie der Naturforscher
bode-johann-elert,"Bode, Johann Elert",23,1792,1815,116215372,"Bode, Johann Elert",Q76966,1.0,1.0,sicher,1747.0,1826.0,True,Astronom,Königliche Sternwarte zu Berlin
francheville-joseph-du-fresne-de,"Francheville, Joseph du Fresne de",23,1746,1783,10428496X,"Du Fresne de Francheville, Joseph",Q3184871,0.825,0.421,sicher,1704.0,1781.0,False,Archäologe; Historiker; Übersetzer; Selbstverleger,Kaiserlich Leopoldinisch-Carolinische Deutsche Akademie der Naturforscher
gerhard-karl-abraham,"Gerhard, Karl Abraham",23,1773,1819,11753658X,"Gerhard, Carl Abraham",Q1036652,1.0,1.0,sicher,1738.0,1821.0,True,Oberbergrat; Beamter; Mineraloge,Kaiserlich Leopoldinisch-Carolinische Deutsche Akademie der Naturforscher
dirichlet-gustav-lejeune,"Dirichlet, Gustav Lejeune",23,1833,1855,11852593X,"Lejeune Dirichlet, Peter Gustav",Q29193,1.0,1.0,sicher,1805.0,1859.0,True,Mathematiker,
siemens-werner-von,"Siemens, Werner von",22,1864,1890,118614088,"Siemens, Werner von",Q58577,1.0,1.0,sicher,1816.0,1892.0,True,Ingenieur; Unternehmer; Erfinder,Kaiserlich Leopoldinisch-Carolinische Deutsche Akademie der Naturforscher; Bauakademie (Berlin)
ideler-ludwig,"Ideler, Ludwig",22,1816,1839,100351212,"Ideler, Ludwig",Q474855,1.0,1.0,sicher,1766.0,1846.0,True,Astronom; Philologe; Hochschullehrer,
tralles-johann-georg,"Tralles, Johann Georg",22,1807,1822,117421995,"Tralles, Johann Georg",Q540176,1.0,1.0,sicher,1763.0,1822.0,True,Mathematiker; Physiker,Königliche Akademie der Wissenschaften (Berlin)
panofka-theodor-sigismund,"Panofka, Theodor Sigismund",22,1837,1857,116023260,"Panofka, Theodor Sigismund",Q70510,1.0,1.0,sicher,1800.0,1858.0,True,Archäologe; Heraldiker; Historiker; Philologe,
castillon-johann-von,"Castillon, Johann von",22,1768,1804,116472448,"Castillon, Giovanni Francesco Mauro Melchiorre",Q1371138,1.0,1.0,sicher,1708.0,1791.0,True,Physiker; Mathematiker; Astronom; Übersetzer,
buttmann-philipp,"Buttmann, Philipp",21,1806,1829,117187402,"Buttmann, Philipp",Q91528,1.0,1.0,sicher,1764.0,1829.0,True,Bibliothekar; Klassischer Philologe; Gymnasiallehrer; Publizist,Königliche Bibliothek zu Berlin; Preußische Akademie der Wissenschaften. Philosophisch-Historische Klasse; Königliches Joachimsthalsches Gymnasium
dillmann-august,"Dillmann, August",21,1877,1894,11612783X,"Dillmann, August",Q75216,1.0,1.0,sicher,1823.0,1894.0,True,Orientalist; Evangelischer Theologe; Philologe,Christian-Albrechts-Universität zu Kiel; Christian-Albrechts-Universität zu Kiel. Philosophische Fakultät
websky-martin,"Websky, Martin",21,1875,1886,117177555,"Websky, Martin",Q109340,1.0,0.829,sicher,1824.0,1886.0,True,Mineraloge,Kaiserlich Leopoldinisch-Carolinische Deutsche Akademie der Naturforscher; Friedrich-Wilhelms-Universität Berlin
meckel-johann-friedrich,"Meckel, Johann Friedrich",21,1751,1786,116988665,"Meckel von Hemsbach, Johann Friedrich",Q70882,1.0,1.0,sicher,1724.0,1774.0,True,Arzt; Anatom,
zeller-eduard,"Zeller, Eduard",21,1873,1893,118636383,"Zeller, Eduard",Q61862,1.0,0.25,sicher,1814.0,1908.0,True,Philosoph; Evangelischer Theologe; Hochschullehrer; Historiker,Universität Heidelberg; Friedrich-Wilhelms-Universität Berlin; Eberhard Karls Universität Tübingen
gruson-johann-philipp,"Grüson, Johann Philipp",21,1801,1832,11690190X,"Grüson, Johann Philipp",Q1412606,1.0,1.0,sicher,1768.0,1857.0,True,Mathematiker,Freie Universität Berlin
beyrich-ernst,"Beyrich, Ernst",21,1847,1882,120170906,"Beyrich, Ernst",Q64133,1.0,1.0,sicher,1815.0,1896.0,True,Geologe; Mineraloge; Paläontologe,Königlich Preußische Geologische Landesanstalt und Bergakademie zu Berlin; Kaiserlich Leopoldinisch-Carolinische Deutsche Akademie der Naturforscher; Friedrich-Wilhelms-Universität Berlin
ancillon-ludwig-friedrich,"Ancillon, Ludwig Friedrich",21,1792,1816,117660744,"Ancillon, Ludwig Friedrich",Q3260523,1.0,1.0,sicher,1740.0,1814.0,True,Philosoph; Theologe,
wegelin-jakob,"Wegelin, Jakob",21,1768,1788,121644111,"Wegelin, Jacob",Q1679398,1.0,1.0,sicher,1721.0,1791.0,True,Historiker; Philosoph,
klotzsch-johann-friedrich,"Klotzsch, Johann Friedrich",20,1851,1860,116235454,"Klotzsch, Johann Friedrich",Q67003,1.0,1.0,sicher,1805.0,1860.0,True,Biologe; Botaniker,Kaiserlich Leopoldinisch-Carolinische Deutsche Akademie der Naturforscher
bopp-franz,"Bopp, Franz",20,1826,1855,118659332,"Bopp, Franz",Q76934,1.0,0.25,sicher,1791.0,1867.0,True,Orientalist; Linguist; Indologe; Indogermanist,Friedrich-Wilhelms-Universität (Berlin ; vor 1945). Universitäts-Bibliothek
grimm-wilhelm,"Grimm, Wilhelm",20,1842,1860,118542265,"Grimm, Wilhelm",Q6714,1.0,0.43,sicher,1786.0,1859.0,True,Philologe; Germanist; Schriftsteller; Jurist,
eytelwein-johann-albert,"Eytelwein, Johann Albert",20,1806,1834,116326492,"Eytelwein, Johann Albert",Q214579,1.0,1.0,sicher,1764.0,1848.0,True,Bauingenieur; Mathematiker; Ingenieur,Bauakademie (Berlin)
burja-abel,"Bürja, Abel",20,1792,1807,11764188X,"Burja, Abel",Q92076,1.0,1.0,sicher,1752.0,1806.0,True,Mathematiker; Prediger; Hochschullehrer; Pfarrer,
friedrich-ii-preussen-konig,"Friedrich II., Preußen, König",20,1711,1787,118535749,,Q33550,1.0,,manuell,,,,,
wattenbach-wilhelm,"Wattenbach, Wilhelm",20,1882,1897,117151386,"Wattenbach, Wilhelm",Q72864,1.0,1.0,sicher,1819.0,1897.0,True,Historiker; Schriftsteller; Philologe; Gymnasiallehrer,Monumenta Germaniae Historica; Universität Heidelberg
auwers-arthur,"Auwers, Arthur",20,1866,1895,116388765,"Auwers, Arthur von",Q57349,1.0,1.0,sicher,1838.0,1915.0,True,Astronom; Mathematiker,Kaiserlich Leopoldinisch-Carolinische Deutsche Akademie der Naturforscher; Astrophysikalisches Institut Potsdam; Königliche Akademie der Wissenschaften (Berlin)
waldeyer-wilhelm,"Waldeyer, Wilhelm",20,1884,1900,119034522,"Waldeyer-Hartz, Wilhelm von",Q76772,1.0,1.0,sicher,1836.0,1921.0,True,Arzt; Anatom; Hochschullehrer,Kaiserlich Leopoldinisch-Carolinische Deutsche Akademie der Naturforscher; Friedrich-Wilhelms-Universität Berlin. Anatomisches Institut Berlin 1; Friedrich-Wilhelms-Universität Berlin
kiepert-heinrich,"Kiepert, Heinrich",19,1854,1894,116168862,"Kiepert, Heinrich",Q65958,1.0,1.0,sicher,1818.0,1899.0,True,Geograf; Kartograf; Topograf,Geographisches Institut zu Weimar; Ludwig-Maximilians-Universität München
rudolphi-karl-asmund,"Rudolphi, Karl Asmund",19,1816,1832,115526641,"Rudolphi, Karl Asmund",Q63159,1.0,1.0,sicher,1771.0,1832.0,True,Arzt; Physiologe; Zoologe,Kaiserlich Leopoldinisch-Carolinische Deutsche Akademie der Naturforscher
schulze-franz-eilhard,"Schulze, Franz Eilhard",19,1885,1900,117263427,"Schulze, Franz Eilhard",Q67509,1.0,1.0,sicher,1840.0,1921.0,True,Zoologe,Universität Rostock; Kaiserlich Leopoldinisch-Carolinische Deutsche Akademie der Naturforscher
haupt-moriz,"Haupt, Moriz",19,1854,1875,119034743,"Haupt, Moriz",Q71975,1.0,1.0,sicher,1808.0,1874.0,True,Klassischer Philologe; Philologe; Germanist; Herausgeber,
harnack-adolf,"Harnack, Adolf",19,1890,1899,118546058,"Harnack, Adolf von",Q164699,1.0,0.35,sicher,1851.0,1930.0,True,Evangelischer Theologe; Kirchenhistoriker; Übersetzer; Bibliotheksdirektor,Preußische Staatsbibliothek; Königliche Akademie der Wissenschaften (Berlin); Evangelisch-Sozialer Kongress
steiner-jakob,"Steiner, Jakob",19,1836,1858,118617419,"Steiner, Jakob",Q123514,1.0,0.35,sicher,1796.0,1863.0,True,Mathematiker; Lehrer; Privatdozent,
leibniz-gottfried-wilhelm-freiherr-von,"Leibniz, Gottfried Wilhelm Freiherr von",19,1710,1781,118571249,"Leibniz, Gottfried Wilhelm",Q9047,1.0,1.0,sicher,1646.0,1716.0,True,Philosoph; Polyhistor; Mathematiker; Jurist,
reichert-karl-bogislaus,"Reichert, Karl Bogislaus",19,1859,1878,116399279,"Reichert, Karl Bogislaus",Q73473,1.0,1.0,sicher,1811.0,1883.0,True,Anatom; Hochschullehrer; Arzt,Kaiserlich Leopoldinisch-Carolinische Deutsche Akademie der Naturforscher; Anatomisches Museum (Berlin)
euler-johann-albert,"Euler, Johann Albert",18,1757,1769,116610832,"Euler, Johann Albrecht",Q556346,1.0,1.0,sicher,1734.0,1800.0,True,Physiker; Mathematiker; Astronom,Imperatorskij Sankt-Peterburgskij Universitet; Königliche Akademie der Wissenschaften (Berlin)
fritsch-gustav,"Fritsch, Gustav",18,1875,1896,115568808,"Fritsch, Gustav",Q74992,0.825,0.075,unsicher,1838.0,1927.0,False,Anthropologe; Arzt; Naturwissenschaftler; Physiologe,Friedrich-Wilhelms-Universität Berlin. Anatomisches Institut Berlin 1; Friedrich-Wilhelms-Universität Berlin. Physiologisches Institut; Friedrich-Wilhelms-Universität Berlin
willdenow-karl-ludwig,"Willdenow, Karl Ludwig",18,1799,1816,117387436,"Willdenow, Karl Ludwig",Q76353,1.0,1.0,sicher,1765.0,1812.0,True,Arzt; Botaniker; Hochschullehrer,
munk-hermann,"Munk, Hermann",18,1880,1896,117185930,"Munk, Hermann",Q84325,1.0,1.0,sicher,1839.0,1912.0,True,Arzt; Physiologe,Kaiserlich Leopoldinisch-Carolinische Deutsche Akademie der Naturforscher; Friedrich-Wilhelms-Universität Berlin
hagen-friedrich-heinrich-von-der,"Hagen, Friedrich Heinrich von der",17,1842,1855,118829130,"Hagen, Friedrich Heinrich von der",Q73553,1.0,0.31,sicher,1780.0,1856.0,True,Germanist; Hochschullehrer; Übersetzer; Bibliothekar,Königliche Akademie der Wissenschaften (Berlin)
bitaube-paul-jeremias,"Bitaubé, Paul Jeremias",17,1768,1792,,,,0.0,,kein_treffer,,,,,
dirksen-enno-heeren,"Dirksen, Enno Heeren",17,1832,1848,117645524,"Dirksen, Enno Heero",Q87940,1.0,1.0,sicher,1792.0,1850.0,True,Mathematiker,
gerhardt-karl-immanuel,"Gerhardt, Karl Immanuel",17,1850,1898,116571411,"Gerhardt, Carl Immanuel",Q1038962,1.0,1.0,sicher,1816.0,1899.0,True,Mathematiker; Mathematiklehrer; Gymnasiallehrer,Kaiserlich Leopoldinisch-Carolinische Deutsche Akademie der Naturforscher
crelle-august-l,"Crelle, August L.",17,1831,1852,116725370,"Crelle, August L.",Q450998,1.0,1.0,sicher,1780.0,1855.0,True,Mathematiker; Architekt; Komponist; Sammler,
frobenius-georg,"Frobenius, Georg",17,1893,1899,119045605,"Frobenius, Georg",Q57228,1.0,1.0,sicher,1849.0,1917.0,True,Mathematiker; Hochschullehrer,Königliche Akademie der Wissenschaften (Berlin); Kaiserlich Leopoldinisch-Carolinische Deutsche Akademie der Naturforscher
klein-karl,"Klein, Karl",17,1887,1899,116212349,"Klein, Karl",Q1287631,0.75,0.0,unsicher,1819.0,1898.0,False,Bischof; Katholischer Theologe,Katholische Kirche. Diözese Limburg
parthey-gustav,"Parthey, Gustav",16,1858,1871,104366508,"Parthey, Gustav",Q1556248,1.0,1.0,sicher,1798.0,1872.0,True,Buchhändler; Philologe,Nicolai'sche Buch- und Papierhandlung (Stettin); Nicolaische Verlagsbuchhandlung; Nicolaische Buchhandlung
erman-johann-peter,"Erman, Johann Peter",16,1792,1807,104114150,"Erman, Jean Pierre",Q1457777,1.0,1.0,sicher,1735.0,1814.0,True,Theologe; Historiker; Schulleiter; Prediger,
quincke-georg,"Quincke, Georg",16,1858,1895,116318406,"Quincke, Georg",Q62463,1.0,1.0,sicher,1834.0,1924.0,True,Physiker,
hertzberg-ewald-friedrich-graf-von,"Hertzberg, Ewald Friedrich Graf von",16,1756,1793,116754974,"Hertzberg, Ewald Friedrich von",Q62565,1.0,1.0,sicher,1725.0,1795.0,True,Politiker; Jurist; Minister; Gutsherr,Kaiserlich Leopoldinisch-Carolinische Deutsche Akademie der Naturforscher
hirt-aloys,"Hirt, Aloys",16,1801,1822,115368302,"Hirt, Aloys Ludwig",Q96575,1.0,1.0,sicher,1759.0,1837.0,True,Archäologe; Philosoph; Kunsthistoriker,
prevost-pierre,"Prevost, Pierre",16,1782,1807,118855093,"Prévost, Pierre",Q116291,1.0,1.0,sicher,1751.0,1839.0,True,Physiker; Philosoph; Hochschullehrer,Königliche Akademie der Wissenschaften (Berlin); Académie des Sciences (Paris)
kirchhoff-gustav,"Kirchhoff, Gustav",16,1859,1885,118723146,"Kirchhoff, Gustav Robert",Q60052,1.0,0.25,sicher,1824.0,1887.0,True,Physiker; Hochschullehrer,
alembert-jean-le-rond-d,"Alembert, Jean le Rond d'",15,1748,1782,11850178X,"Alembert, Jean Le Rond d'",Q153232,1.0,1.0,sicher,1717.0,1783.0,True,Mathematiker; Philosoph; Physiker; Schriftsteller,
riedel-adolph-friedrich,"Riedel, Adolph Friedrich",15,1851,1867,11653334X,"Riedel, Adolph Friedrich",Q365353,1.0,1.0,sicher,1809.0,1872.0,True,Historiker; Politiker; Wirtschaftswissenschaftler; Archivar,
hoff-jakob-heinrich-van-t,"Hoff, Jakob Heinrich van't",15,1896,1899,118705814,"Hoff, Jacobus H. van't",Q102822,1.0,1.0,sicher,1852.0,1911.0,True,Chemiker,Technische Hogeschool (Delft); Rijksuniversiteit Leiden; Universiteit van Amsterdam
bessel-friedrich-wilhelm,"Bessel, Friedrich Wilhelm",15,1816,1844,118510215,"Bessel, Friedrich Wilhelm",Q75845,1.0,1.0,sicher,1784.0,1846.0,True,Mathematiker; Astronom; Geodät,
erman-paul,"Erman, Paul",15,1816,1834,119059452,"Erman, Paul",Q70871,1.0,1.0,sicher,1764.0,1851.0,True,Physiker,Kaiserlich Leopoldinisch-Carolinische Deutsche Akademie der Naturforscher
walter-johann-gottlieb,"Walter, Johann Gottlieb",15,1775,1807,117131148,"Walter, Johann Gottlieb",Q75229,1.0,1.0,sicher,1734.0,1818.0,True,Anatom; Arzt; Präparator,
hubner-emil,"Hübner, Emil",15,1860,1868,117037486,"Hübner, Emil",Q68483,0.75,0.555,sicher,1834.0,1901.0,False,Klassischer Philologe; Hochschullehrer,Friedrich-Wilhelms-Universität Berlin
wagner-johann-wilhelm,"Wagner, Johann Wilhelm",15,1723,1781,117560596,"Wagner, Johann Wilhelm",Q825051,1.0,1.0,sicher,1681.0,1745.0,True,Mathematiker; Astronom,
hirschfeld-otto,"Hirschfeld, Otto",15,1868,1899,116914149,"Hirschfeld, Otto",Q69297,1.0,1.0,sicher,1843.0,1922.0,True,Historiker; Althistoriker; Epigraphiker,
tobler-adolf,"Tobler, Adolf",15,1870,1896,118623044,"Tobler, Adolf",Q13245,1.0,0.25,sicher,1835.0,1910.0,True,Romanist; Hochschullehrer,Friedrich-Wilhelms-Universität Berlin
conze-alexander,"Conze, Alexander",15,1878,1897,11666827X,"Conze, Alexander",Q72857,1.0,1.0,sicher,1831.0,1914.0,True,Archäologe; Kunsthistoriker,Kaiserlich-Deutsches Archäologisches Institut; Königliche Museen zu Berlin. Antikensammlungen
bastide-jean-baptiste,"Bastide, Jean Baptiste",14,1798,1807,1248806395,"Martin de la Bastide, Jean Baptiste",,0.75,0.1,unsicher,1760.0,1815.0,False,Kartograf; Essayist,
grischow-augustin,"Grischow, Augustin",14,1734,1781,10084930X,"Grischow, Augustin",Q767769,1.0,1.0,sicher,1683.0,1749.0,True,Mathematiker; Meteorologe; Astronom; Hochschullehrer,
kayser-heinrich,"Kayser, Heinrich",14,1884,1897,119464748,"Kayser, Heinrich",Q68556,0.825,0.075,unsicher,1853.0,1940.0,False,Physiker,Kaiserlich Leopoldinisch-Carolinische Deutsche Akademie der Naturforscher; Technische Hochschule Hannover; Friedrich-Wilhelms-Universität Berlin
goldstein-eugen,"Goldstein, Eugen",14,1874,1897,116757612,"Goldstein, Eugen",Q61433,0.75,0.75,sicher,1850.0,1930.0,False,Physiker; Astronom,
rudorff-adolf-friedrich,"Rudorff, Adolf Friedrich",14,1860,1869,116671955,"Rudorff, Adolf Friedrich",Q76154,1.0,1.0,sicher,1803.0,1873.0,True,Jurist; Hochschullehrer,Friedrich-Wilhelms-Universität Berlin
neumann-kaspar,"Neumann, Kaspar",14,1727,1781,121325040,"Neumann, Caspar",Q99914,1.0,0.724,sicher,1683.0,1737.0,True,Apotheker; Chemiker; Hofrat,Sacri Romani Imperii Academia Caesareo-Leopoldina Naturae Curiosorum; Königliche Akademie der Wissenschaften (Berlin)
olshausen-justus,"Olshausen, Justus",14,1860,1881,117123323,"Olshausen, Justus",Q89202,1.0,0.33,sicher,1800.0,1882.0,True,Orientalist; Bibliothekar; Semitist; Ministerialbeamter,Christian-Albrechts-Universität zu Kiel. Philosophische Fakultät; Christian-Albrechts-Universität zu Kiel
rath-gerhard-vom,"Rath, Gerhard vom",14,1866,1882,11749187X,"Vom Rath, Gerhard",Q71085,1.0,1.0,sicher,1830.0,1888.0,True,Mineraloge; Geologe,Rheinische Friedrich-Wilhelms-Universität Bonn; Kaiserlich Leopoldinisch-Carolinische Deutsche Akademie der Naturforscher; Mineralogisches Museum (Bonn)
martens-eduard-von,"Martens, Eduard von",14,1861,1879,120818922,"Martens, Eduard von",Q69554,0.825,0.825,sicher,1831.0,1904.0,False,Zoologe,Kaiserlich Leopoldinisch-Carolinische Deutsche Akademie der Naturforscher; Friedrich-Wilhelms-Universität Berlin; Zoologisches Museum (Berlin)
kundt-august,"Kundt, August",14,1864,1893,11661031X,"Kundt, August",Q60554,1.0,1.0,sicher,1839.0,1894.0,True,Physiker,
fischer-ernst-gottfried,"Fischer, Ernst Gottfried",14,1806,1832,116551445,"Fischer, Ernst Gottfried",Q3057341,1.0,1.0,sicher,1754.0,1831.0,True,Physiker; Mathematiker,Kaiserlich Leopoldinisch-Carolinische Deutsche Akademie der Naturforscher
maupertuis-pierre-louis-moreau-de,"Maupertuis, Pierre Louis Moreau de",14,1748,1758,118731998,"Maupertuis, Pierre Louis Moreau de",Q164374,1.0,1.0,sicher,1698.0,1759.0,True,Mathematiker; Astronom; Physiker; Geograf,Königliche Akademie der Wissenschaften (Berlin)
verdy-du-vernois-adrian-maria-franz-von,"Verdy Du Vernois, Adrian Maria Franz von",13,1793,1805,,,,0.0,,kein_treffer,,,,,
schleiermacher-friedrich,"Schleiermacher, Friedrich",13,1815,1832,118608045,"Schleiermacher, Friedrich",Q76576,1.0,0.35,sicher,1768.0,1834.0,True,Evangelischer Theologe; Pädagoge; Übersetzer; Philosoph,Königliche Akademie der Wissenschaften (Berlin)
borchardt-karl-wilhelm,"Borchardt, Karl Wilhelm",13,1855,1879,116246170,"Borchardt, Carl Wilhelm",Q65205,1.0,1.0,sicher,1817.0,1880.0,True,Mathematiker,Friedrich-Wilhelms-Universität Berlin
landolt-hans,"Landolt, Hans",13,1882,1896,116678070,"Landolt, Hans",Q124248,1.0,0.33,sicher,1831.0,1910.0,True,Chemiker,Kaiserlich Leopoldinisch-Carolinische Deutsche Akademie der Naturforscher
ewald-julius-wilhelm,"Ewald, Julius Wilhelm",13,1848,1881,116612789,"Ewald, Julius Wilhelm",Q5721541,1.0,1.0,sicher,1811.0,1891.0,True,Geologe; Mineraloge; Paläontologe,Kaiserlich Leopoldinisch-Carolinische Deutsche Akademie der Naturforscher
bezold-wilhelm,"Bezold, Wilhelm",13,1886,1899,116160977,"Bezold, Wilhelm von",Q67850,1.0,1.0,sicher,1837.0,1907.0,True,Physiker; Meteorologe,Kaiserlich Leopoldinisch-Carolinische Deutsche Akademie der Naturforscher; Friedrich-Wilhelms-Universität Berlin. Meteorologisches Institut; Friedrich-Wilhelms-Universität Berlin
jacobi-karl-gustav-jakob,"Jacobi, Karl Gustav Jakob",13,1836,1850,118775766,"Jacobi, Carl Gustav Jacob",Q76564,1.0,1.0,sicher,1804.0,1851.0,True,Mathematiker; Sammler,
uhden-wilhelm,"Uhden, Wilhelm",13,1815,1837,117267821,"Uhden, Wilhelm",Q18632918,1.0,1.0,sicher,1763.0,1835.0,True,Jurist; Regierungsrat; Numismatiker; Archäologe,
weber-rudolf,"Weber, Rudolf",13,1856,1883,1162236353,"Fricke, Wilhelm",Q19273266,0.67,0.445,unsicher,1839.0,1908.0,False,Lehrer; Schriftsteller,
helmholtz-hermann,"Helmholtz, Hermann",13,1856,1893,11854893X,"Helmholtz, Hermann von",Q60024,1.0,1.0,sicher,1821.0,1894.0,True,Physiker; Physiologe; Wissenschaftler,Universität Heidelberg; Königliche Akademie der Wissenschaften (Berlin)
petermann-julius-heinrich,"Petermann, Julius Heinrich",13,1850,1867,121035298,"Petermann, Julius Heinrich",Q76275,0.9,0.9,sicher,1801.0,1876.0,True,Orientalist,
sachau-eduard,"Sachau, Eduard",12,1881,1899,116713712,"Sachau, Eduard",Q66348,1.0,1.0,sicher,1845.0,1930.0,True,Orientalist; Philologe,Rheinische Friedrich-Wilhelms-Universität Bonn. Seminar für Orientalische Sprachen; Preußische Akademie der Wissenschaften; Friedrich-Wilhelms-Universität Berlin
chambrier-d-oleires-jean-pierre-baron-de,"Chambrier D'oleires, Jean Pierre Baron de",12,1793,1805,,,,0.0,,kein_treffer,,,,,
mayer-johann-christoph-andreas,"Mayer, Johann Christoph Andreas",12,1793,1800,121196429,"Mayer, Johann Christoph Andreas",Q216295,1.0,1.0,sicher,1747.0,1801.0,True,Arzt,Kaiserlich Leopoldinisch-Carolinische Deutsche Akademie der Naturforscher
schneider-robert,"Schneider, Robert",12,1855,1890,116837098,"Schneider, Robert",Q2158743,0.75,0.0,unsicher,1807.0,1871.0,False,Jurist; Politiker; Justizminister,
dummler-ernst,"Dümmler, Ernst",12,1889,1900,116238909,"Dümmler, Ernst",Q77801,1.0,0.25,sicher,1830.0,1902.0,True,Historiker; Literarhistoriker,Ferdinand Dümmlers Buchhandlung; Monumenta Germaniae Historica
ludolff-michael-matthias,"Ludolff, Michael Matthias",12,1734,1783,104222824,"Ludolf, Michael Matthias",Q55903633,0.75,0.75,sicher,1705.0,1756.0,False,Botaniker; Arzt,
studer-theophil,"Studer, Theophil",11,1876,1885,117354120,"Studer, Theophil",Q122600,0.75,0.08,unsicher,1845.0,1922.0,False,Zoologe; Arzt,Universität Bern
vogel-hermann-wilhelm,"Vogel, Hermann Wilhelm",11,1862,1888,1048190714,"Vogel, Hermann",Q94831839,0.75,0.025,unsicher,1841.0,1917.0,False,Unternehmer; Kunstsammler; Numismatiker; Geheimer Rat,
konig-arthur,"König, Arthur",11,1884,1897,116302747,"König, Arthur",Q106757,0.75,0.0,unsicher,1856.0,1901.0,False,Physiker; Physiologe,
hirschfeld-gustav,"Hirschfeld, Gustav",11,1874,1888,101160097,"Hirschfeld, Gustav",Q72860,0.75,0.0,unsicher,1847.0,1895.0,False,Archäologe,Albertus-Universität zu Königsberg i. Pr.
kirch-gottfried,"Kirch, Gottfried",11,1710,1781,116181567,"Kirch, Gottfried",Q62317,0.92,0.92,sicher,1639.0,1710.0,True,Astronom; Publizist,Königlich Preußische Sozietät der Wissenschaften
cothenius-christian-andreas,"Cothenius, Christian Andreas",11,1767,1788,118907417,"Cothenius, Christian Andreas von",Q107200,1.0,1.0,sicher,1708.0,1789.0,True,Arzt; Chirurg,Kaiserlich Leopoldinisch-Carolinische Deutsche Akademie der Naturforscher
kies-johann,"Kies, Johann",11,1746,1754,116169125,"Kies, Johann",Q91653,1.0,1.0,sicher,1713.0,1781.0,True,Mathematiker; Bibliothekar; Respondent; Astronom,
lipschitz-rudolf,"Lipschitz, Rudolf",11,1862,1899,11881656X,"Lipschitz, Rudolf",Q77322,0.825,0.825,sicher,1832.0,1903.0,False,Mathematiker,Kaiserlich Leopoldinisch-Carolinische Deutsche Akademie der Naturforscher; Universität Breslau; Rheinische Friedrich-Wilhelms-Universität Bonn
burmeister-hermann,"Burmeister, Hermann",11,1868,1888,119387123,"Burmeister, Hermann",Q60969,1.0,0.33,sicher,1807.0,1892.0,True,Forschungsreisender; Entomologe; Naturwissenschaftler; Zoologe,Kaiserlich Leopoldinisch-Carolinische Deutsche Akademie der Naturforscher
castillon-friedrich-von,"Castillon, Friedrich von",11,1776,1807,11647243X,"Castillon, Friedrich",Q216321,1.0,1.0,sicher,1747.0,1814.0,True,Philosoph; Übersetzer; Freimaurer,
lachmann-karl,"Lachmann, Karl",11,1833,1846,118568558,"Lachmann, Karl",Q213662,1.0,0.25,sicher,1793.0,1851.0,True,Germanist; Klassischer Philologe; Hochschullehrer; Gymnasiallehrer,Königliche Albertus-Universität zu Königsberg i. Pr.; Königliche Akademie der Wissenschaften (Berlin); Friedrich-Wilhelms-Universität Berlin
schulze-johann-karl,"Schulze, Johann Karl",11,1779,1785,100402364,"Schulze, Johann Karl",Q87358528,0.75,0.75,sicher,1749.0,1790.0,False,Mathematiker; Astronom; Hochschullehrer,
poselger-friedrich-theodor,"Poselger, Friedrich Theodor",11,1828,1838,117707309,"Poselger, Friedrich Theodor",Q15447644,1.0,1.0,sicher,1771.0,1838.0,True,Mathematiker; Freimaurer,
zachariae-von-lingenthal-karl-eduard,"Zachariae Von Lingenthal, Karl Eduard",10,1867,1888,118772120,"Zachariae von Lingenthal, Karl Eduard",Q95543,1.0,1.0,sicher,1812.0,1894.0,True,Jurist,
vogel-hermann-karl,"Vogel, Hermann Karl",10,1877,1894,11746323X,"Vogel, Hermann Carl",Q58812,1.0,1.0,sicher,1842.0,1907.0,True,Astrophysiker; Direktor; Astronom,Kaiserlich Leopoldinisch-Carolinische Deutsche Akademie der Naturforscher; Astrophysikalisches Observatorium zu Potsdam
droysen-johann-gustav,"Droysen, Johann Gustav",10,1867,1882,11852755X,"Droysen, Johann Gustav",Q60217,1.0,1.0,sicher,1808.0,1884.0,True,Historiker; Philologe; Philosoph; Übersetzer,Christian-Albrechts-Universität zu Kiel; Friedrich-Wilhelms-Universität Berlin
weinhold-karl,"Weinhold, Karl",10,1890,1898,118806521,"Weinhold, Karl",Q104301,1.0,0.35,sicher,1823.0,1901.0,True,Linguist; Germanist; Hochschullehrer,Christian-Albrechts-Universität zu Kiel; Christian-Albrechts-Universität zu Kiel. Philosophische Fakultät
goyon-d-arzac-guillaume-henri-charles-vicomte-de,"Goyon D'arzac, Guillaume Henri Charles Vicomte de",10,1799,1807,1021366366,"Goyon d'Arzac, Guillaume Henri Charles de",Q132949003,0.75,0.75,sicher,1740.0,1805.0,False,Schriftsteller,
koenigsberger-leo,"Koenigsberger, Leo",10,1894,1898,116293802,"Koenigsberger, Leo",Q68531,1.0,0.35,sicher,1837.0,1921.0,True,Mathematiker,
thiebault-dieudonne,"Thiébault, Dieudonné",10,1767,1783,119514303,"Thiébault, Dieudonné",Q1224286,1.0,1.0,sicher,1733.0,1807.0,True,Schriftsteller; Historiker; Pädagoge,
redern-sigismund-ehrenreich-graf-von,"Redern, Sigismund Ehrenreich Graf von",10,1757,1768,117695270,"Redern, Sigismund Ehrenreich von",Q2284794,1.0,1.0,sicher,1719.0,1789.0,True,Physiker; Offizier,
catt-henri-de,"Catt, Henri de",10,1766,1784,118667521,"Catt, Henri de",Q118062,1.0,1.0,sicher,1725.0,1795.0,True,Schriftsteller,
engler-adolf,"Engler, Adolf",10,1890,1896,118684906,"Engler, Adolf",Q60718,1.0,1.0,sicher,1844.0,1930.0,True,Botaniker; Hochschullehrer,Kaiserlich Leopoldinisch-Carolinische Deutsche Akademie der Naturforscher; Botanischer Garten zu Berlin; Christian-Albrechts-Universität zu Kiel
pinder-moritz,"Pinder, Moritz",10,1851,1864,116186402,"Pinder, Moritz",Q21545168,0.75,0.75,sicher,1807.0,1871.0,False,Bibliothekar; Altertumswissenschaftler; Ministerialbeamter; Geheimer Rat,"Preußen. Ministerium der Geistlichen, Unterrichts- und Medizinalangelegenheiten"
nicolai-friedrich,"Nicolai, Friedrich",10,1803,1815,118587668,"Nicolai, Friedrich",Q215853,1.0,0.35,sicher,1733.0,1811.0,True,Schriftsteller; Komponist; Kritiker; Verleger,Nicolaische Buchhandlung; Christoph Gottlieb Nicolai (Erben)
duncker-max,"Duncker, Max",10,1873,1886,118681230,"Duncker, Maximilian Wolfgang",Q76553,1.0,0.775,sicher,1811.0,1886.0,True,Historiker; Archivar; Hochschullehrer; Politiker,Eberhard Karls Universität Tübingen; Preußisches Geheimes Staatsarchiv
humboldt-alexander-von,"Humboldt, Alexander von",9,1837,1855,118554700,"Humboldt, Alexander von",Q6694,1.0,1.0,sicher,1769.0,1859.0,True,Geograf; Naturwissenschaftler; Forschungsreisender; Gelehrter,Kaiserlich Leopoldinisch-Carolinische Deutsche Akademie der Naturforscher
selle-christian-gottlieb,"Selle, Christian Gottlieb",9,1792,1800,117474460,"Selle, Christian Gottlieb",Q124513,1.0,1.0,sicher,1748.0,1800.0,True,Arzt; Philosoph,
buschmann-johann-karl-eduard,"Buschmann, Johann Karl Eduard",9,1851,1870,10148772X,"Buschmann, Johann Carl Ed.",Q6216045,0.75,0.75,sicher,1805.0,1880.0,False,Bibliothekar; Linguist; Sekretär,
buschmann-johann-carl-ed,"Buschmann, Johann Carl Ed.",9,1853,1880,10148772X,"Buschmann, Johann Carl Ed.",Q6216045,0.75,0.75,sicher,1805.0,1880.0,False,Bibliothekar; Linguist; Sekretär,
rosenthal-isidor,"Rosenthal, Isidor",9,1857,1892,116626062,"Rosenthal, Isidor",Q84710,0.75,0.75,sicher,1836.0,1915.0,False,Arzt; Physiologe; Oberstabsarzt; Bibliothekar,Universität Erlangen
fischer-emil,"Fischer, Emil",9,1893,1897,118691155,"Fischer, Emil",Q70554,1.0,0.175,sicher,1852.0,1919.0,True,Chemiker,Julius-Maximilians-Universität Würzburg; Friedrich-Wilhelms-Universität Berlin; Universität Erlangen
meierotto-johann-heinrich-ludwig,"Meierotto, Johann Heinrich Ludwig",9,1793,1799,104224282,"Meierotto, Johann Heinrich Ludwig",Q1406390,1.0,1.0,sicher,1742.0,1800.0,True,Philologe; Pädagoge; Gymnasiallehrer; Rektor,Königliches Joachimsthalsches Gymnasium
reusch-eduard,"Reusch, Eduard",9,1867,1883,116452846,"Reusch, Friedrich E.",Q27103337,0.825,0.825,sicher,1812.0,1891.0,False,Physiker; Hochschullehrer,Kaiserlich Leopoldinisch-Carolinische Deutsche Akademie der Naturforscher; Sternwarte Österberg (Tübingen); Eberhard Karls Universität Tübingen
ludolff-christian-friedrich,"Ludolff, Christian Friedrich",9,1740,1783,103081445,"Ludolf, Christian Friedrich",Q94824460,0.75,0.75,sicher,1707.0,1763.0,False,Arzt,
dames-wilhelm,"Dames, Wilhelm",9,1882,1898,116020032,"Dames, W.",Q85267,1.0,0.35,sicher,1843.0,1898.0,True,Paläontologe; Geologe,Friedrich-Wilhelms-Universität Berlin
pernety-antoine-joseph,"Pernety, Antoine Joseph",9,1771,1785,119312506,"Pernety, Antoine Joseph",Q2853512,0.75,0.75,sicher,1716.0,1796.0,False,Schriftsteller,
paalzow-adolf,"Paalzow, Adolf",9,1857,1878,11767849X,"Paalzow, Adolph",Q1730223,0.825,0.825,sicher,1823.0,1908.0,False,Physiker,Kaiserlich Leopoldinisch-Carolinische Deutsche Akademie der Naturforscher
dirksen-enno-heero,"Dirksen, Enno Heero",9,1829,1843,117645524,"Dirksen, Enno Heero",Q87940,1.0,1.0,sicher,1792.0,1850.0,True,Mathematiker,
warburg-emil,"Warburg, Emil",8,1869,1898,117141550,"Warburg, Emil",Q65466,1.0,1.0,sicher,1846.0,1931.0,True,Physiker; Regierungsrat,
heymons-richard,"Heymons, Richard",8,1894,1899,116793139,"Heymons, Richard",Q647303,0.825,0.825,sicher,1867.0,1943.0,False,Zoologe,Kaiserlich Leopoldinisch-Carolinische Deutsche Akademie der Naturforscher
ancillon-friedrich,"Ancillon, Friedrich",8,1805,1828,118645110,"Ancillon, Johann Peter Friedrich",Q643868,1.0,1.0,sicher,1767.0,1837.0,True,Gelehrter; Minister; Theologe; Schriftsteller,
neumann-franz-ernst,"Neumann, Franz Ernst",8,1832,1849,118786008,"Neumann, Franz Ernst",Q61774,1.0,0.829,sicher,1798.0,1895.0,True,Physiker; Mineraloge; Mathematiker; Physiker,
humboldt-wilhelm,"Humboldt, Wilhelm",8,1822,1832,118554727,"Humboldt, Wilhelm von",Q77888,1.0,1.0,sicher,1767.0,1835.0,True,Wissenschaftler; Politiker; Linguist; Diplomat,
heinius-johann-philipp,"Heinius, Johann Philipp",8,1746,1755,100290701,"Hein, Johann Philipp",Q88384089,0.75,0.555,sicher,1688.0,1775.0,False,Theologe; Gymnasiallehrer; Rektor,
oltmanns-jabbo,"Oltmanns, Jabbo",8,1816,1832,117123544,"Oltmanns, Jabbo",Q1676820,1.0,1.0,sicher,1783.0,1833.0,True,Astronom; Mathematiker,
planck-max,"Planck, Max",8,1894,1899,118594818,"Planck, Max",Q9021,1.0,0.43,sicher,1858.0,1947.0,True,Physiker; Hochschullehrer,Christian-Albrechts-Universität zu Kiel; Ludwig-Maximilians-Universität München; Friedrich-Wilhelms-Universität Berlin
premontval-andre-pierre-le-guay-de,"Prémontval, André Pierre Le Guay de",8,1756,1768,117696641,"Prémontval, André-Pierre Le Guay de",Q1244305,1.0,0.575,sicher,1716.0,1764.0,True,Mathematiker,
moulines-wilhelm-von,"Moulines, Wilhelm von",8,1777,1798,100993427,"Moulines, Guillaume de",Q94875159,1.0,1.0,sicher,1728.0,1802.0,True,Theologe; Prediger; Philosoph; Übersetzer,Königliche Akademie der Wissenschaften (Berlin)
savigny-friedrich-carl,"Savigny, Friedrich Carl",8,1816,1833,118605909,"Savigny, Friedrich Carl von",Q76892,1.0,1.0,sicher,1779.0,1861.0,True,Jurist; Politiker; Wissenschaftler; Hochschullehrer,Preußen. Staatsrat; Universität zu Berlin
brunner-heinrich,"Brunner, Heinrich",8,1884,1897,11866770X,"Brunner, Heinrich",Q94701,1.0,0.175,sicher,1840.0,1915.0,True,Jurist; Hochschullehrer,Monumenta Germaniae Historica; Friedrich-Wilhelms-Universität Berlin
graff-eberhard-gottlieb,"Graff, Eberhard Gottlieb",8,1836,1841,118541374,"Graff, Eberhard Gottlieb",Q88718,0.9,0.9,sicher,1780.0,1841.0,True,Germanist; Linguist,
karsten-hermann,"Karsten, Hermann",8,1849,1860,116186909,"Karsten, Hermann",Q62413,0.825,0.0,unsicher,1817.0,1908.0,False,Biologe; Botaniker; Geologe; Forschungsreisender,Universität Wien; Friedrich-Wilhelms-Universität Berlin; Kaiserlich Leopoldinisch-Carolinische Deutsche Akademie der Naturforscher
grimm-jacob,"Grimm, Jacob",8,1847,1859,118542257,"Grimm, Jacob",Q6701,1.0,1.0,sicher,1785.0,1863.0,True,Philologe; Literaturwissenschaftler; Historiker; Schriftsteller,
bezold-albert-von,"Bezold, Albert von",8,1859,1862,118662872,"Bezold, Albert von",Q73705,0.75,0.75,sicher,1836.0,1868.0,False,Physiologe; Arzt; Hochschullehrer,
schwarz-hermann-amandus,"Schwarz, Hermann Amandus",8,1865,1897,117367028,"Schwarz, Hermann Amandus",Q61223,1.0,1.0,sicher,1843.0,1921.0,True,Mathematiker; Psychologe,Georg-August-Universität Göttingen; Friedrich-Wilhelms-Universität Berlin; Kaiserlich Leopoldinisch-Carolinische Deutsche Akademie der Naturforscher
toussaint-francois-vincent,"Toussaint, François Vincent",8,1767,1772,117628921,"Toussaint, François-Vincent",Q564845,1.0,1.0,sicher,1715.0,1772.0,True,Philologe; Schriftsteller,
beausobre-ludwig-von,"Beausobre, Ludwig von",8,1757,1781,100002188,"Beausobre, Louis de",Q3263374,1.0,1.0,sicher,1730.0,1783.0,True,Philosoph; Schriftsteller; Volkswirt,Königliche Akademie der Wissenschaften (Berlin)
vogel-hermann-carl,"Vogel, Hermann Carl",8,1880,1898,11746323X,"Vogel, Hermann Carl",Q58812,1.0,1.0,sicher,1842.0,1907.0,True,Astrophysiker; Direktor; Astronom,Kaiserlich Leopoldinisch-Carolinische Deutsche Akademie der Naturforscher; Astrophysikalisches Observatorium zu Potsdam
eichler-august-wilhelm,"Eichler, August Wilhelm",7,1880,1886,11641751X,"Eichler, August Wilhelm",Q62142,1.0,1.0,sicher,1839.0,1887.0,True,Botaniker,Kaiserlich Leopoldinisch-Carolinische Deutsche Akademie der Naturforscher
naude-philipp-der-jungere,"Naude, Philipp der jüngere",7,1710,1746,138677123,"Naudé, Philipp",Q3380444,1.0,0.0,unsicher,1684.0,1745.0,True,Mathematiker,
wilken-friedrich,"Wilken, Friedrich",7,1820,1837,117384259,"Wilken, Friedrich",Q110207,1.0,1.0,sicher,1777.0,1840.0,True,Philologe; Historiker; Bibliothekar,Universität Heidelberg; Friedrich-Wilhelms-Universität Berlin
kohlrausch-friedrich,"Kohlrausch, Friedrich",7,1883,1897,118777718,"Kohlrausch, Friedrich",Q61090,1.0,0.33,sicher,1840.0,1910.0,True,Physiker,
steiner-isidor,"Steiner, Isidor",7,1885,1895,117657794,"Steiner, Isidor",Q45842726,0.75,0.75,sicher,1849.0,1914.0,False,Arzt; Neurologe,
goppert-heinrich-robert,"Göppert, Heinrich Robert",7,1840,1888,101315872,"Göppert, Heinrich",Q62670,1.0,1.0,sicher,1800.0,1884.0,True,Botaniker; Arzt; Paläontologe; Hochschullehrer,Kaiserlich Leopoldinisch-Carolinische Deutsche Akademie der Naturforscher
schacht-hermann,"Schacht, Hermann",7,1852,1857,117091219,"Schacht, Hermann",Q1612559,0.825,0.825,sicher,1814.0,1864.0,False,Botaniker,Kaiserlich Leopoldinisch-Carolinische Deutsche Akademie der Naturforscher
rinne-fritz,"Rinne, Fritz",7,1889,1894,116551070,"Rinne, Friedrich",Q122417,0.825,0.825,sicher,1863.0,1933.0,False,Mineraloge; Petrologe; Geologe,Friedrich-Wilhelms-Universität Berlin. Mineralogisch-Petrographisches Institut und Museum; Universität Leipzig; Technische Hochschule Hannover
lehmann-johann-gottlob,"Lehmann, Johann Gottlob",7,1756,1786,119501317,"Lehmann, Johann Gottlob",Q75934,1.0,0.805,sicher,1719.0,1767.0,True,Chemiker; Arzt; Hochschullehrer; Mineraloge,Königliche Akademie der Wissenschaften (Berlin)
sporer-gustav,"Spörer, Gustav",7,1865,1884,117649945,"Spörer, Gustav",Q60902,0.825,0.825,sicher,1822.0,1895.0,False,Astronom; Astrophysiker,Kaiserlich Leopoldinisch-Carolinische Deutsche Akademie der Naturforscher; Astrophysikalisches Institut Potsdam
plate-ludwig-hermann,"Plate, Ludwig Hermann",7,1893,1894,117683574,"Plate, Ludwig",Q88702,0.825,0.825,sicher,1862.0,1937.0,False,Zoologe,Friedrich-Wilhelms-Universität Berlin; Kaiserlich Leopoldinisch-Carolinische Deutsche Akademie der Naturforscher
noldeke-theodor,"Nöldeke, Theodor",7,1879,1892,119453223,"Nöldeke, Theodor",Q63458,1.0,1.0,sicher,1836.0,1930.0,True,Philologe; Orientalist; Semitist; Hochschullehrer,Christian-Albrechts-Universität zu Kiel. Philosophische Fakultät; Christian-Albrechts-Universität zu Kiel; Kaiser-Wilhelms-Universität Straßburg
peters-wilhelm-c-h,"Peters, Wilhelm C. H.",7,1855,1866,104356480,"Peters, Wilhelm C. H.",Q58029,1.0,1.0,sicher,1815.0,1883.0,True,Forschungsreisender; Zoologe,Kaiserlich Leopoldinisch-Carolinische Deutsche Akademie der Naturforscher
cohen-emil,"Cohen, Emil",7,1897,1898,116628219,"Cohen, Emil",Q77916,0.825,0.255,sicher,1842.0,1905.0,False,Mineraloge; Petrologe; Hochschullehrer,Kaiserlich Leopoldinisch-Carolinische Deutsche Akademie der Naturforscher; Königliche Universität zu Greifswald; Universität Heidelberg
bernays-jakob,"Bernays, Jakob",7,1863,1883,118656317,"Bernays, Jacob",Q69019,1.0,1.0,sicher,1824.0,1881.0,True,Philologe; Klassischer Philologe; Bibliothekar; Hochschullehrer,Jüdisch-Theologisches Seminar (Fraenckel'sche Stiftung). Bibliothek; Universitätsbibliothek Bonn
suvern-johann-wilhelm,"Süvern, Johann Wilhelm",7,1825,1831,118619926,"Süvern, Johann Wilhelm",Q1696620,1.0,1.0,sicher,1775.0,1829.0,True,Klassischer Philologe; Hochschullehrer; Lehrer; Ministerialbeamter,Albertus-Universität zu Königsberg i. Pr.
harms-friedrich,"Harms, Friedrich",7,1873,1879,118701665,"Harms, Friedrich",Q91156,1.0,1.0,sicher,1819.0,1880.0,True,Philosoph,Christian-Albrechts-Universität zu Kiel
rodiger-emil,"Rödiger, Emil",7,1864,1876,116581050,"Rödiger, Emil",Q5371426,0.65,0.65,unsicher,1801.0,1874.0,False,Orientalist,
lieberkuhn-johann-nathanael,"Lieberkühn, Johann Nathanael",6,1746,1783,104196645,"Lieberkühn, Johann Nathanael",Q70916,1.0,1.0,sicher,1711.0,1756.0,True,Arzt,Sacri Romani Imperii Academia Caesareo-Leopoldina Naturae Curiosorum
sprogel-theodor,"Sprögel, Theodor",6,1740,1781,117650099,"Sproegel, Theodor",Q137313469,0.75,0.75,sicher,1699.0,1760.0,False,Arzt,
kuhne-willy,"Kühne, Willy",6,1859,1867,118567616,"Kühne, Wilhelm",Q76919,1.0,1.0,sicher,1837.0,1900.0,True,Physiologe,Universität Heidelberg
hertwig-oskar,"Hertwig, Oskar",6,1893,1898,118703919,"Hertwig, Oscar",Q68753,1.0,1.0,sicher,1849.0,1922.0,True,Biologe; Philosoph; Anatom; Arzt,Kaiserlich Leopoldinisch-Carolinische Deutsche Akademie der Naturforscher
wiedemann-gustav,"Wiedemann, Gustav",6,1847,1868,117353590,"Wiedemann, Gustav Heinrich",Q62108,1.0,1.0,sicher,1826.0,1899.0,True,Physiker; Chemiker; Hochschullehrer,Kaiserlich Leopoldinisch-Carolinische Deutsche Akademie der Naturforscher
elsner-jakob,"Elsner, Jakob",6,1744,1750,130449903,"Elsner, Jakob",Q1678992,1.0,1.0,sicher,1692.0,1750.0,True,Evangelischer Theologe,
hanstein-johannes-von,"Hanstein, Johannes von",6,1857,1864,116461578,"Hanstein, Johannes Ludwig Emil Robert von",Q71063,0.825,0.175,sicher,1822.0,1880.0,False,Botaniker; Oberlehrer,Kaiserlich Leopoldinisch-Carolinische Deutsche Akademie der Naturforscher
hagen-friedrich-heinrich,"Hagen, Friedrich Heinrich",6,1848,1856,118829130,"Hagen, Friedrich Heinrich von der",Q73553,1.0,1.0,sicher,1780.0,1856.0,True,Germanist; Hochschullehrer; Übersetzer; Bibliothekar,Königliche Akademie der Wissenschaften (Berlin)
seebeck-thomas-johann,"Seebeck, Thomas Johann",6,1820,1830,117654698,"Seebeck, Thomas Johann",Q327185,1.0,1.0,sicher,1770.0,1831.0,True,Naturwissenschaftler; Arzt; Physiker; Privatgelehrter,Kaiserlich Leopoldinisch-Carolinische Deutsche Akademie der Naturforscher
bernstein-julius,"Bernstein, Julius",6,1867,1890,11865652X,"Bernstein, Julius",Q90937,0.825,0.825,sicher,1839.0,1917.0,False,Physiologe; Arzt; Hochschullehrer,Universität Heidelberg; Kaiserlich Leopoldinisch-Carolinische Deutsche Akademie der Naturforscher
wulff-ludwig,"Wulff, Ludwig",6,1893,1896,1047477793,"Wulff, Ludwig",,0.75,0.1,unsicher,1859.0,,False,Arzt,
westermaier-max,"Westermaier, Max",6,1881,1887,117319384,"Westermaier, Maximilian",Q15296208,0.825,0.825,sicher,1852.0,1903.0,False,Botaniker,Kaiserlich Leopoldinisch-Carolinische Deutsche Akademie der Naturforscher
bernoulli-daniel,"Bernoulli, Daniel",6,1746,1767,118656503,"Bernoulli, Daniel",Q122366,1.0,1.0,sicher,1700.0,1782.0,True,Physiker; Mathematiker; Arzt; Botaniker,
wurzelbau-johann-philipp-von,"Wurzelbau, Johann Philipp von",6,1710,1723,124247210,"Wurzelbau, Johann Philipp von",Q99102,1.0,1.0,sicher,1651.0,1725.0,True,Astronom; Selbstverleger,
hirt-aloys-ludwig,"Hirt, Aloys Ludwig",6,1799,1822,115368302,"Hirt, Aloys Ludwig",Q96575,1.0,1.0,sicher,1759.0,1837.0,True,Archäologe; Philosoph; Kunsthistoriker,
gundling-jakob-paul-freiherr-von,"Gundling, Jakob Paul Freiherr Von",6,1727,1727,11854361X,"Gundling, Jakob Paul von",Q73866,1.0,1.0,sicher,1673.0,1731.0,True,Historiker; Jurist; Hofnarr; Historiker,Königliche Akademie der Wissenschaften (Berlin)
waitz-georg,"Waitz, Georg",6,1876,1886,119059142,"Waitz, Georg",Q66936,1.0,0.35,sicher,1813.0,1886.0,True,Historiker; Jurist; Hochschullehrer; Abgeordneter,Monumenta Germaniae Historica; Christian-Albrechts-Universität zu Kiel; Georg-August-Universität Göttingen
meineke-august,"Meineke, August",6,1834,1855,119338890,"Meineke, August",Q77628,1.0,1.0,sicher,1790.0,1870.0,True,Philologe; Klassischer Philologe; Gymnasiallehrer; Rektor,Königliches Joachimsthalsches Gymnasium
nagel-wilhelm,"Nagel, Wilhelm",6,1887,1892,1012760375,"Nagel, Wilhelm",Q28036131,0.75,0.0,unsicher,1866.0,1945.0,False,Maler; Künstler; Hochschullehrer,
des-vignoles-alphonse,"Des-vignoles, Alphonse",6,1710,1737,117417505,"Des Vignoles, Alphonse",Q2839770,1.0,1.0,sicher,1649.0,1744.0,True,Mathematiker; Theologe; Philosoph; Historiker,Königliche Akademie der Wissenschaften (Berlin)
olfers-ignaz-von,"Olfers, Ignaz von",6,1822,1842,11712110X,"Olfers, Ignaz von",Q214962,1.0,1.0,sicher,1793.0,1871.0,True,Museumsdirektor; Kunsthistoriker; Arzt,Königliche Museen zu Berlin; Kaiserlich Leopoldinisch-Carolinische Deutsche Akademie der Naturforscher
buddeus-augustin,"Buddeus, Augustin",6,1727,1781,117639141,"Buddeus, Augustin",Q19259818,1.0,1.0,sicher,1695.0,1753.0,True,Arzt; Anatom; Hochschullehrer,
savigny-friedrich-karl-von,"Savigny, Friedrich Karl von",6,1818,1838,118605909,"Savigny, Friedrich Carl von",Q76892,1.0,1.0,sicher,1779.0,1861.0,True,Jurist; Politiker; Wissenschaftler; Hochschullehrer,Preußen. Staatsrat; Universität zu Berlin
gabelentz-georg-von-der,"Gabelentz, Georg von der",6,1890,1893,118688944,"Gabelentz, Georg von der",Q66571,1.0,0.25,sicher,1840.0,1893.0,True,Philologe; Linguist; Sinologe,
oberbeck-anton,"Oberbeck, Anton",6,1882,1895,117588156,"Oberbeck, Anton",Q3618883,0.825,0.825,sicher,1846.0,1900.0,False,Physiker; Hochschullehrer,Kaiserlich Leopoldinisch-Carolinische Deutsche Akademie der Naturforscher
mobius-karl-august,"Möbius, Karl August",6,1889,1898,118582968,"Möbius, Karl August",Q62844,1.0,1.0,sicher,1825.0,1908.0,True,Zoologe; Ökologe,Kaiserlich Leopoldinisch-Carolinische Deutsche Akademie der Naturforscher; Christian-Albrechts-Universität zu Kiel; Friedrich-Wilhelms-Universität Berlin
clausius-rudolf,"Clausius, Rudolf",6,1847,1884,116540486,"Clausius, Rudolf Julius Emanuel",Q30693,1.0,1.0,sicher,1822.0,1888.0,True,Physiker; Hochschullehrer,Rheinische Friedrich-Wilhelms-Universität Bonn; Eidgenössisches Polytechnicum; Kaiserlich Leopoldinisch-Carolinische Deutsche Akademie der Naturforscher
mullenhoff-karl,"Müllenhoff, Karl",6,1863,1883,119010879,"Müllenhoff, Karl",Q67091,1.0,0.775,sicher,1818.0,1884.0,True,Germanist; Literaturwissenschaftler; Mediävist; Altertumswissenschaftler,Christian-Albrechts-Universität zu Kiel; Friedrich-Wilhelms-Universität Berlin
weber-heinrich-friedrich,"Weber, Heinrich Friedrich",5,1880,1888,117163120,"Weber, Heinrich Friedrich",Q116635,0.75,0.0,unsicher,1843.0,1912.0,False,Physiker; Hochschullehrer,
neander-august,"Neander, August",5,1843,1849,118738240,"Neander, August",Q67183,1.0,0.35,sicher,1789.0,1850.0,True,Evangelischer Theologe; Apostat; Kirchenhistoriker,
henzen-wilhelm,"Henzen, Wilhelm",5,1854,1868,118710605,"Henzen, Wilhelm",Q90643,1.0,1.0,sicher,1816.0,1887.0,True,Philologe; Klassischer Philologe; Archäologe,Archäologisches Institut des Deutschen Reiches. Abteilung Rom
weidler-johann-friedrich,"Weidler, Johann Friedrich",5,1734,1781,100696198,"Weidler, Johann Friedrich",Q70690,1.0,1.0,sicher,1691.0,1755.0,True,Astronom; Mathematiker; Physiker; Jurist,Royal Society (London); Königlich Preußische Sozietät der Wissenschaften
eisenstein-gotthold,"Eisenstein, Gotthold",5,1850,1852,118529676,"Eisenstein, Gotthold",Q61047,1.0,1.0,sicher,1823.0,1852.0,True,Mathematiker,
eichhorn-karl-friedrich,"Eichhorn, Karl Friedrich",5,1836,1846,118529412,"Eichhorn, Carl Friedrich",Q564888,1.0,0.35,sicher,1781.0,1854.0,True,Jurist; Jurist,
baumhauer-heinrich,"Baumhauer, Heinrich",5,1887,1895,116092440,"Baumhauer, Heinrich",Q110194,0.825,0.825,sicher,1848.0,1926.0,False,Chemiker; Ingenieur; Mineraloge,Albert-Ludwigs-Universität Freiburg; Universität Freiburg (Schweiz); Kaiserlich Leopoldinisch-Carolinische Deutsche Akademie der Naturforscher
strahl-johannes-karl,"Strahl, Johannes Karl",5,1861,1862,121167429,"Strahl, Johannes Carl",,0.65,0.65,unsicher,1820.0,,False,,
holtz-wilhelm,"Holtz, Wilhelm",5,1875,1876,102611416,"Holtz, Wilhelm",Q78392,0.75,0.1,unsicher,1836.0,1913.0,False,Physiker; Erfinder,
horkel-johann,"Horkel, Johann",5,1836,1843,116990325,"Horkel, Johann",Q91855,1.0,0.33,sicher,1769.0,1846.0,True,Arzt,Kaiserlich Leopoldinisch-Carolinische Deutsche Akademie der Naturforscher
wilsing-johannes,"Wilsing, Johannes",5,1885,1899,117396478,"Wilsing, J.",Q96987,0.825,0.175,sicher,1856.0,1943.0,False,Astronom,Astrophysikalisches Observatorium zu Potsdam; Kaiserlich Leopoldinisch-Carolinische Deutsche Akademie der Naturforscher
heine-eduard,"Heine, Eduard",5,1854,1874,116659122,"Heine, Eduard",Q77301,1.0,0.805,sicher,1821.0,1881.0,True,Mathematiker,Martin-Luther-Universität Halle-Wittenberg
teller-wilhelm-abraham,"Teller, Wilhelm Abraham",5,1799,1803,104359676,"Teller, Wilhelm Abraham",Q96300,1.0,1.0,sicher,1734.0,1804.0,True,Evangelischer Theologe; Hochschullehrer; Pfarrer; Generalsuperintendent,Academia Julia
toepler-august,"Toepler, August",5,1879,1892,117393096,"Toepler, August",Q66527,1.0,1.0,sicher,1836.0,1912.0,True,Chemiker; Physiker,Technische Hochschule Dresden; Rižskoe Politechničeskoe Učilišče; Kaiserlich Leopoldinisch-Carolinische Deutsche Akademie der Naturforscher
ross-ludwig,"Ross, Ludwig",5,1843,1844,116630175,"Ross, Ludwig",Q97421,1.0,1.0,sicher,1806.0,1859.0,True,Archäologe; Klassischer Philologe; Schriftsteller,
rohde-emil,"Rohde, Emil",5,1886,1892,116597216,"Rohde, Emil",Q95216364,0.75,0.1,unsicher,1858.0,,False,Zoologe,
ranke-leopold-von,"Ranke, Leopold von",5,1836,1838,118598279,"Ranke, Leopold von",Q77184,1.0,1.0,sicher,1795.0,1886.0,True,Historiker; Geschichtsschreiber; Hochschullehrer; Gymnasiallehrer,Humboldt-Universität zu Berlin
chun-karl,"Chun, Karl",5,1882,1889,116516828,"Chun, Carl",Q62747,1.0,1.0,sicher,1852.0,1914.0,True,Zoologe; Meereskundler; Hochschullehrer; Arzt,Universität Leipzig; Albertus-Universität zu Königsberg i. Pr.; Kaiserlich Leopoldinisch-Carolinische Deutsche Akademie der Naturforscher
niebuhr-barthold-georg,"Niebuhr, Barthold Georg",5,1815,1825,118587773,"Niebuhr, Barthold Georg",Q60586,1.0,1.0,sicher,1776.0,1831.0,True,Althistoriker; Beamter; Hochschullehrer; Gesandter,Rheinische Friedrich-Wilhelms-Universität Bonn
martius-karl-alexander,"Martius, Karl Alexander",5,1865,1867,116811374,"Martius, Carl Alexander von",Q1036722,0.75,0.75,sicher,1838.0,1920.0,False,Chemiker; Unternehmer,
erman-adolf,"Erman, Adolf",5,1888,1897,118530852,"Erman, Adolf",Q61421,1.0,0.799,sicher,1854.0,1937.0,True,Ägyptologe; Museumsdirektor,Königliche Museen zu Berlin. Ägyptische Abteilung
pelloutier-simon,"Pelloutier, Simon",5,1746,1756,117693405,"Pelloutier, Simon",Q1547857,1.0,1.0,sicher,1694.0,1757.0,True,Historiker; Althistoriker; Evangelischer Theologe; Pfarrer,
caspary-robert,"Caspary, Robert",5,1855,1862,116468327,"Caspary, Robert",Q65869,0.825,0.825,sicher,1818.0,1887.0,False,Botaniker,Kaiserlich Leopoldinisch-Carolinische Deutsche Akademie der Naturforscher
dilthey-wilhelm,"Dilthey, Wilhelm",5,1887,1896,118525727,"Dilthey, Wilhelm",Q60080,1.0,0.829,sicher,1833.0,1911.0,True,Philosoph; Literarhistoriker; Hochschullehrer; Schriftsteller,Christian-Albrechts-Universität zu Kiel
liebreich-oskar,"Liebreich, Oskar",5,1869,1890,116997567,"Liebreich, Oskar",Q92390,0.825,0.825,sicher,1839.0,1908.0,False,Pharmakologe,Kaiserlich Leopoldinisch-Carolinische Deutsche Akademie der Naturforscher
lolling-habbo-gerardus,"Lolling, Habbo Gerardus",5,1872,1888,,,,0.0,,kein_treffer,,,,,
raumer-friedrich,"Raumer, Friedrich",5,1830,1848,119059622,"Raumer, Friedrich von",Q70855,1.0,1.0,sicher,1781.0,1873.0,True,Historiker; Staatswissenschaftler; Hochschullehrer; Schriftsteller,
buhler-georg,"Bühler, Georg",5,1871,1882,118667947,"Bühler, Georg",Q67706,1.0,0.829,sicher,1837.0,1898.0,True,Indologe,
scheuchzer-johann-jakob,"Scheuchzer, Johann Jakob",5,1710,1781,118607308,"Scheuchzer, Johann Jacob",Q123900,1.0,0.35,sicher,1672.0,1733.0,True,Naturwissenschaftler; Arzt; Polyhistor; Historiker,Sacri Romani Imperii Academia Caesareo-Leopoldina Naturae Curiosorum; Königlich Preußische Sozietät der Wissenschaften; Royal Society (London)
lepsius-carl-richard,"Lepsius, Carl Richard",5,1852,1881,118727699,"Lepsius, Carl Richard",Q77231,1.0,1.0,sicher,1810.0,1884.0,True,Ägyptologe; Museumsdirektor; Bibliothekar; Philologe,Koninklijke Nederlandse Akademie van Wetenschappen; Archäologische Gesellschaft zu Berlin; Königliche Bibliothek zu Berlin
schmidt-erich,"Schmidt, Erich",5,1895,1897,118608746,"Schmidt, Erich",Q72966,1.0,0.25,sicher,1853.0,1913.0,True,Literaturwissenschaftler; Germanist; Hochschullehrer; Schriftsteller,Friedrich-Wilhelms-Universität Berlin; Goethe-Gesellschaft in Weimar
schmidt-johannes,"Schmidt, Johannes",5,1883,1899,117510408,"Schmidt, Johannes",Q65323,1.0,0.25,sicher,1843.0,1901.0,True,Philologe; Linguist; Indogermanist,Rheinische Friedrich-Wilhelms-Universität Bonn; Friedrich-Wilhelms-Universität Berlin; Karl-Franzens-Universität Graz
spalding-georg-ludwig,"Spalding, Georg Ludwig",5,1806,1815,117480088,"Spalding, Georg Ludwig",Q101086,1.0,1.0,sicher,1762.0,1811.0,True,Klassischer Philologe; Gymnasiallehrer,
brandis-christian-august,"Brandis, Christian August",5,1832,1856,116402326,"Brandis, Christian August",Q85282,1.0,1.0,sicher,1790.0,1867.0,True,Philologe; Philosoph,
knoblauch-hermann,"Knoblauch, Hermann",5,1845,1859,116257946,"Knoblauch, Karl Hermann",Q70523,0.825,0.825,sicher,1820.0,1895.0,False,Physiker; Hochschullehrer,Martin-Luther-Universität Halle-Wittenberg; Philipps-Universität Marburg; Kaiserlich Leopoldinisch-Carolinische Deutsche Akademie der Naturforscher
borchardt-ludwig,"Borchardt, Ludwig",5,1888,1898,116246243,"Borchardt, Ludwig",Q60758,0.75,0.08,unsicher,1863.0,1938.0,False,Ägyptologe; Architekt,Deutsches Institut für Ägyptische Altertumskunde in Kairo; Borchardt-Institut für Ägyptische Bauforschung und Altertumskunde
silberschlag-johann-esaias,"Silberschlag, Johann Esaias",5,1767,1792,115360166,"Silberschlag, Johann Esaias",Q95457,1.0,1.0,sicher,1721.0,1791.0,True,Pfarrer; Lutherischer Theologe; Lehrer; Schulleiter,
braun-ferdinand,"Braun, Ferdinand",5,1885,1890,118673424,"Braun, Ferdinand",Q57077,1.0,0.35,sicher,1850.0,1918.0,True,Physiker; Hochschullehrer,
biester-johann-erich,"Biester, Johann Erich",5,1806,1816,116167580,"Biester, Johann Erich",Q216339,1.0,1.0,sicher,1749.0,1816.0,True,Bibliothekar; Literarhistoriker; Philologe; Pädagoge,Königliche Bibliothek zu Berlin; Königliche Akademie der Wissenschaften (Berlin)
boll-franz,"Boll, Franz",5,1875,1877,118513060,"Boll, Franz",Q74306,0.75,0.0,unsicher,1849.0,1879.0,False,Arzt; Physiologe,
engel-johann-jakob,"Engel, Johann Jakob",4,1793,1804,11868468X,"Engel, Johann Jakob",Q71442,1.0,0.25,sicher,1741.0,1802.0,True,Schriftsteller; Theaterdirektor; Theaterkritiker; Philosoph,Königliches Nationaltheater (Berlin)
hermann-leonhard-david,"Hermann, Leonhard David",4,1734,1781,128898208,"Hermann, Leonhard David",Q55046233,0.65,0.65,unsicher,1670.0,1736.0,False,Pfarrer; Heimatkundler,
aepinus-franz-ulrich-theodor,"Aepinus, Franz Ulrich Theodor",4,1757,1765,100006132,"Aepinus, Franz Ulrich Theodor",Q61224,1.0,1.0,sicher,1724.0,1802.0,True,Physiker; Mathematiker; Hochschullehrer; Privatdozent,
baeyer-johann-jakob,"Baeyer, Johann Jakob",4,1867,1874,119241803,"Baeyer, Johann Jacob",Q76388,0.92,0.92,sicher,1794.0,1885.0,True,Geograf; Generalleutnant,Europäische Gradmessung. Permanente Commission
hertz-heinrich,"Hertz, Heinrich",4,1887,1888,11855008X,"Hertz, Heinrich",Q41257,1.0,0.25,sicher,1857.0,1894.0,True,Physiker; Hochschullehrer; Wissenschaftler,Christian-Albrechts-Universität zu Kiel
baginsky-benno,"Baginsky, Benno",4,1881,1889,117535060,"Baginsky, Benno",Q2271444,0.75,0.75,sicher,1848.0,1919.0,False,Hals-Nasen-Ohren-Arzt; Arzt,
wien-willy,"Wien, Willy",4,1885,1895,118767844,"Wien, Wilhelm",Q57068,1.0,1.0,sicher,1864.0,1928.0,True,Physiker,Ludwig-Maximilians-Universität München
hensel-reinhold,"Hensel, Reinhold",4,1860,1873,117759953,"Hensel, Reinhold",Q21339685,0.825,0.825,sicher,1825.0,1881.0,False,Zoologe; Paläontologe; Gymnasiallehrer; Hochschullehrer,Kaiserlich Leopoldinisch-Carolinische Deutsche Akademie der Naturforscher
pernice-alfred,"Pernice, Alfred",4,1884,1886,116081910,"Pernice, Alfred",Q88708,1.0,1.0,sicher,1841.0,1901.0,True,Jurist,
oppolzer-theodor-ritter-von,"Oppolzer, Theodor Ritter von",4,1878,1880,117139319,"Oppolzer, Theodor von",Q78972,0.825,0.825,sicher,1841.0,1886.0,False,Astronom; Geodät,Kaiserlich Leopoldinisch-Carolinische Deutsche Akademie der Naturforscher
fleischmann-albert,"Fleischmann, Albert",4,1890,1892,116602511,"Fleischmann, Albert",Q5733027,0.75,0.75,sicher,1862.0,1942.0,False,Zoologe,Universität Erlangen
cochius-leonhard,"Cochius, Leonhard",4,1774,1780,116618051,"Cochius, Leonhard",Q72936850,0.75,0.75,sicher,1718.0,1779.0,False,Philosoph; Prediger; Lehrer; Konrektor,Friedrichs-Werdersches Gymnasium
remak-robert,"Remak, Robert",4,1848,1854,118744461,"Remak, Robert",Q62088,0.825,0.825,sicher,1815.0,1865.0,False,Arzt; Neurologe; Anatom; Zoologe,Kaiserlich Leopoldinisch-Carolinische Deutsche Akademie der Naturforscher
friedlaender-julius,"Friedlaender, Julius",4,1873,1879,116797266,"Friedländer, Julius",Q72722,1.0,0.25,sicher,1813.0,1884.0,True,Numismatiker; Direktor,Münzkabinett Berlin
meyer-adolf-bernhard,"Meyer, Adolf Bernhard",4,1869,1886,117554847,"Meyer, Adolf Bernhard",Q63167,0.825,0.825,sicher,1840.0,1911.0,False,Anthropologe; Forschungsreisender; Zoologe; Ethnologe,Kaiserlich Leopoldinisch-Carolinische Deutsche Akademie der Naturforscher; Zoologisches und Anthropologisch-Ethnographisches Museum zu Dresden
mobius-karl,"Möbius, Karl",4,1889,1893,118582968,"Möbius, Karl August",Q62844,1.0,0.805,sicher,1825.0,1908.0,True,Zoologe; Ökologe,Kaiserlich Leopoldinisch-Carolinische Deutsche Akademie der Naturforscher; Christian-Albrechts-Universität zu Kiel; Friedrich-Wilhelms-Universität Berlin
schilling-johann-jakob,"Schilling, Johann Jakob",4,1734,1781,101540653X,"Schilling, Johann Jakob",Q28360728,0.75,0.18,sicher,1702.0,1779.0,False,Mathematiker,
schonemann-theodor,"Schönemann, Theodor",4,1855,1861,139679731,"Schönemann, Theodor",Q3523678,0.75,0.75,sicher,1812.0,1868.0,False,Mathematiker; Lehrer,
scherer-wilhelm,"Scherer, Wilhelm",4,1884,1885,118607200,"Scherer, Wilhelm",Q112136,1.0,0.35,sicher,1841.0,1886.0,True,Philologe; Literarhistoriker; Literaturwissenschaftler,Monumenta Germaniae Historica
schwab-johann-christoph,"Schwab, Johann Christoph",4,1787,1801,117326348,"Schwab, Johann Christoph",Q126764,1.0,1.0,sicher,1743.0,1821.0,True,Philosoph; Lehrer; Geheimer Rat,Hohe Carlsschule
schelling-friedrich-wilhelm-joseph-von,"Schelling, Friedrich Wilhelm Joseph von",4,1843,1853,118607057,"Schelling, Friedrich Wilhelm Joseph von",Q60070,1.0,1.0,sicher,1775.0,1854.0,True,Philosoph; Schriftsteller; Librettist,
ladenburg-albert,"Ladenburg, Albert",4,1878,1892,116643781,"Ladenburg, Albert",Q64989,1.0,1.0,sicher,1842.0,1911.0,True,Chemiker,Kaiserlich Leopoldinisch-Carolinische Deutsche Akademie der Naturforscher; Universität Heidelberg; Universität Heidelberg. Philosophische Fakultät
l-huillier-simon,"L'huillier, Simon",4,1783,1799,100189555,"L'Huilier, Simon Antoine Jean",Q123478,0.75,0.75,sicher,1750.0,1840.0,False,Mathematiker,
scheiner-julius,"Scheiner, Julius",4,1890,1894,117194557,"Scheiner, Julius",Q75072,0.75,0.75,sicher,1858.0,1913.0,False,Astronom; Astrophysiker,Friedrich-Wilhelms-Universität Berlin
bucking-hugo,"Bücking, Hugo",4,1881,1895,117053481,"Bücking, Hugo",Q119159,1.0,1.0,sicher,1851.0,1932.0,True,Geologe; Mineraloge,Christian-Albrechts-Universität zu Kiel. Mineralogisches Institut; Universität Heidelberg; Königlich Preußische Geologische Landesanstalt und Bergakademie zu Berlin
richelot-friedrich-julius,"Richelot, Friedrich Julius",4,1851,1866,11650918X,"Richelot, Friedrich Julius",Q67255,1.0,1.0,sicher,1808.0,1875.0,True,Mathematiker; Hochschullehrer,
celsius-anders,"Celsius, Anders",4,1734,1781,118653326,"Celsius, Anders",Q81130,1.0,1.0,sicher,1701.0,1744.0,True,Physiker,Sacri Romani Imperii Academia Caesareo-Leopoldina Naturae Curiosorum
ludwig-hubert,"Ludwig, Hubert",4,1887,1899,117283142,"Ludwig, Hubert",Q96789,1.0,1.0,sicher,1852.0,1913.0,True,Zoologe,Kaiserlich Leopoldinisch-Carolinische Deutsche Akademie der Naturforscher; Stazione Zoologica di Napoli; Rheinische Friedrich-Wilhelms-Universität Bonn
levezow-konrad,"Levezow, Konrad",4,1833,1836,116962291,"Levezow, Konrad",Q1664026,1.0,1.0,sicher,1770.0,1835.0,True,Archäologe; Dramatiker; Philologe; Schriftsteller,
kuster-georg-gottfried,"Küster, Georg Gottfried",4,1734,1774,100834620,"Küster, Georg Gottfried",Q3101305,0.75,0.75,sicher,1695.0,1776.0,False,Gymnasiallehrer; Rektor; Historiker; Selbstverleger,Friedrichs-Werdersches Gymnasium; Cöllnisches Gymnasium
reuschle-karl-gustav,"Reuschle, Karl Gustav",4,1859,1860,116453060,"Reuschle, Carl Gustav",Q15454336,0.75,0.75,sicher,1812.0,1875.0,False,Mathematiker; Geograf; Gymnasiallehrer,
ranke-leopold,"Ranke, Leopold",4,1837,1869,118598279,"Ranke, Leopold von",Q77184,1.0,1.0,sicher,1795.0,1886.0,True,Historiker; Geschichtsschreiber; Hochschullehrer; Gymnasiallehrer,Humboldt-Universität zu Berlin
hansen-peter-andreas,"Hansen, Peter Andreas",4,1843,1852,119411253,"Hansen, Peter Andreas",Q61749,0.825,0.825,sicher,1795.0,1874.0,False,Astronom; Geodät; Uhrmacher; Ministerialrat,Imperatorskaja akademija nauk; Königlich Sächsische Gesellschaft der Wissenschaften; Sternwarte Seeberg
boltzmann-ludwig,"Boltzmann, Ludwig",4,1888,1898,118513109,"Boltzmann, Ludwig",Q84296,1.0,1.0,sicher,1844.0,1906.0,True,Physiker; Philosoph; Hochschullehrer,Karl-Franzens-Universität Graz; Ludwig-Maximilians-Universität München
blau-otto,"Blau, Otto",4,1855,1870,116200790,"Blau, Ernst Otto Friedrich August",Q107542,0.65,0.65,unsicher,1828.0,1879.0,False,Orientalist; Konsul; Diplomat,
ketteler-eduard,"Ketteler, Eduard",4,1864,1879,116151285,"Ketteler, Eduard",Q94837405,0.75,0.75,sicher,1836.0,1900.0,False,Physiker; Chemiker,Rheinische Friedrich-Wilhelms-Universität Bonn
kronecker-hugo,"Kronecker, Hugo",4,1870,1884,116554487,"Kronecker, Hugo",Q86458,0.825,0.825,sicher,1839.0,1914.0,False,Arzt; Physiologe,Kaiserlich Leopoldinisch-Carolinische Deutsche Akademie der Naturforscher
kruger-paul,"Krüger, Paul",4,1879,1880,116563540,"Krüger, Paul",Q74667,0.75,0.0,unsicher,1840.0,1926.0,False,Jurist,
borrelly-jean-alexis,"Borrelly, Jean Alexis",4,1774,1785,119188309,"Borrelly, Jean-Alexis",Q94892050,0.75,0.75,sicher,1738.0,1810.0,False,Philosoph; Schriftsteller; Linguist,
hopf-karl,"Hopf, Karl",4,1862,1864,1210885387,"Hopf, Karl Sebastian",,0.75,0.0,unsicher,1808.0,1889.0,False,Pfarrer; Lutherischer Theologe; Dekan <Kirche>,
bary-anton-de,"Bary, Anton de",4,1863,1871,116042184,"Bary, Anton de",Q58806,1.0,0.25,sicher,1831.0,1888.0,True,Botaniker; Botaniker,
thaer-albrecht-daniel,"Thaer, Albrecht Daniel",4,1816,1819,118621513,"Thaer, Albrecht Daniel",Q63032,1.0,1.0,sicher,1752.0,1828.0,True,Agrarwissenschaftler; Landwirt; Arzt,
sybel-heinrich-von,"Sybel, Heinrich von",4,1876,1887,118620223,"Sybel, Heinrich von",Q65600,1.0,0.25,sicher,1817.0,1895.0,True,Historiker; Archivar; Politiker; Abgeordneter,Monumenta Germaniae Historica; Koninklijke Nederlandse Akademie van Wetenschappen; Akademie der Wissenschaften in Göttingen
jariges-philipp-joseph-von,"Jariges, Philipp Joseph von",4,1746,1748,117612022,"Jariges, Philipp Joseph von",Q2086916,1.0,1.0,sicher,1706.0,1770.0,True,Politiker; Justizminister; Jurist; Philosoph,
holborn-ludwig,"Holborn, Ludwig",4,1896,1898,117527238,"Holborn, Ludwig",Q1874568,0.75,0.75,sicher,1860.0,1926.0,False,Physiker,
hilgendorf-franz,"Hilgendorf, Franz",4,1865,1880,116806230,"Hilgendorf, Franz Martin",Q105603,0.825,0.825,sicher,1839.0,1904.0,False,Zoologe; Paläontologe,Kaiserlich Leopoldinisch-Carolinische Deutsche Akademie der Naturforscher
anieres-friedrich-benjamin-d,"Anieres, Friedrich Benjamin d'",4,1785,1788,117661805,"Anières, Friedrich Benjamin d'",Q60835101,0.75,0.75,sicher,1736.0,1798.0,False,Jurist; Mathematiker,
wullner-adolf,"Wüllner, Adolf",4,1858,1889,11743244X,"Wüllner, Adolf",Q106820,1.0,1.0,sicher,1835.0,1908.0,True,Physiker,Kaiserlich Leopoldinisch-Carolinische Deutsche Akademie der Naturforscher
zangemeister-karl,"Zangemeister, Karl",3,1875,1887,116964022,"Zangemeister, Karl",Q1733509,1.0,1.0,sicher,1837.0,1902.0,True,Klassischer Philologe; Bibliotheksdirektor; Bibliothekar; Hochschullehrer,Universitätsbibliothek Heidelberg; Deutsches Reich. Reichs-Limeskommission; Herzogliche Bibliothek (Gotha)
auerbach-leopold,"Auerbach, Leopold",3,1890,1893,116859709,"Auerbach, Leopold",Q77833,0.825,0.075,unsicher,1828.0,1897.0,False,Arzt; Neurologe; Anatom; Pathologe,Universität Breslau; Kaiserlich Leopoldinisch-Carolinische Deutsche Akademie der Naturforscher
wilcken-ulrich,"Wilcken, Ulrich",3,1883,1887,119220857,"Wilcken, Ulrich",Q63413,1.0,1.0,sicher,1862.0,1944.0,True,Althistoriker; Historiker; Papyrologe; Geheimer Rat,Friedrich-Wilhelms-Universität Berlin
hertenstein-johann-heinrich,"Hertenstein, Johann Heinrich",3,1723,1734,120427303,"Herttenstein, Johann Heinrich",Q55675822,0.75,0.75,sicher,1676.0,1741.0,False,Jurist; Mathematiker,
hercher-rudolf,"Hercher, Rudolf",3,1874,1876,116730161,"Hercher, Rudolf",Q76121,1.0,1.0,sicher,1821.0,1878.0,True,Klassischer Philologe; Gymnasiallehrer,
hermann-jakob,"Hermann, Jakob",3,1710,1727,119112450,"Hermann, Jacob",Q689611,1.0,1.0,sicher,1678.0,1733.0,True,Mathematiker; Physiker; Hochschullehrer,
voigt-woldemar,"Voigt, Woldemar",3,1882,1884,117478008,"Voigt, Woldemar",Q62645,1.0,1.0,sicher,1850.0,1919.0,True,Physiker; Hochschullehrer,Georg-August-Universität Göttingen; Kaiserlich Leopoldinisch-Carolinische Deutsche Akademie der Naturforscher
bayer-gottlieb-siegfried,"Bayer, Gottlieb Siegfried",3,1737,1740,119099292,"Bayer, Theophilus Siegfried",Q1539888,1.0,1.0,sicher,1694.0,1738.0,True,Orientalist; Sinologe; Historiker,
hoffmann-johann-heinrich,"Hoffmann, Johann Heinrich",3,1710,1710,123113024,"Hoffmann, Johann Heinrich",Q1694415,1.0,0.35,sicher,1669.0,1716.0,True,Mathematiker; Astronom,
walmesley-charles,"Walmesley, Charles",3,1757,1765,117561665,"Walmesley, Charles",Q5083324,0.75,0.75,sicher,1722.0,1797.0,False,Mathematiker; Bischof,Benediktiner
wernicke-wilhelm,"Wernicke, Wilhelm",3,1874,1876,117572756,"Wernicke, Wilhelm",Q95257832,0.75,0.555,sicher,1838.0,,False,Oberlehrer; Physiker,
weizsacker-julius,"Weizsäcker, Julius",3,1887,1891,117308048,"Weizsäcker, Julius",Q78329,1.0,0.25,sicher,1828.0,1889.0,True,Historiker,Monumenta Germaniae Historica; Friedrich-Wilhelms-Universität Berlin; Georg-August-Universität Göttingen
weingarten-julius,"Weingarten, Julius",3,1882,1886,117268828,"Weingarten, Julius",Q111930,0.825,0.825,sicher,1836.0,1910.0,False,Mathematiker; Physiker,Kaiserlich Leopoldinisch-Carolinische Deutsche Akademie der Naturforscher
will-ludwig,"Will, Ludwig",3,1889,1898,117386790,"Will, Ludwig",Q94845345,0.75,0.0,unsicher,1861.0,1946.0,False,Zoologe; Hochschullehrer,Universität Rostock
humboldt-alexander,"Humboldt, Alexander",3,1825,1830,118554700,"Humboldt, Alexander von",Q6694,1.0,1.0,sicher,1769.0,1859.0,True,Geograf; Naturwissenschaftler; Forschungsreisender; Gelehrter,Kaiserlich Leopoldinisch-Carolinische Deutsche Akademie der Naturforscher
humboldt-wilhelm-von,"Humboldt, Wilhelm von",3,1836,1839,118554727,"Humboldt, Wilhelm von",Q77888,1.0,1.0,sicher,1767.0,1835.0,True,Wissenschaftler; Politiker; Linguist; Diplomat,
hildebrandt-johann-maria,"Hildebrandt, Johann Maria",3,1875,1880,116804211,"Hildebrandt, Johann Maria",Q75765,0.65,0.65,unsicher,1847.0,1881.0,False,,
berthold-gerhard,"Berthold, Gerhard",3,1874,1877,117589446,"Berthold, Gerhard",Q95258557,0.75,0.75,sicher,1834.0,,False,Arzt,
beitler-wilhelm-gottlieb-friedrich-von,"Beitler, Wilhelm Gottlieb Friedrich von",3,1792,1792,1049182162,"Beitler, Wilhelm Gottlieb Friedrich",Q2572846,0.75,0.75,sicher,1745.0,1811.0,False,Mathematiker; Astronom; Jurist,
grube-eduard,"Grube, Eduard",3,1868,1877,11688665X,"Grube, Eduard",Q2824740,0.825,0.825,sicher,1812.0,1880.0,False,Zoologe,Kaiserlich Leopoldinisch-Carolinische Deutsche Akademie der Naturforscher
groth-paul,"Groth, Paul",3,1869,1875,118719009,"Groth, Paul von",Q63474,0.75,0.75,sicher,1843.0,1927.0,False,Mineraloge; Ritter,Kaiser-Wilhelms-Universität Straßburg; Ludwig-Maximilians-Universität München
haeckel-ernst,"Haeckel, Ernst",3,1860,1865,118544381,"Haeckel, Ernst",Q48246,0.825,0.6,sicher,1834.0,1919.0,False,Zoologe; Naturwissenschaftler; Biologe; Arzt,Kaiserlich Leopoldinisch-Carolinische Deutsche Akademie der Naturforscher; Zoologisches Institut (Jena); Phyletisches Museum
kersten-otto,"Kersten, Otto",3,1879,1881,116143002,"Kersten, Otto",Q125143,0.75,0.555,sicher,1839.0,1900.0,False,Forschungsreisender; Chemiker; Geograf,Verein zur Förderung Deutscher Interessen in Südafrika
teuber-grottfried,"Teuber, Grottfried",3,1710,1727,,,,0.0,,kein_treffer,,,,,
bonitz-hermann,"Bonitz, Hermann",3,1868,1873,11905938X,"Bonitz, Hermann",Q77609,1.0,1.0,sicher,1814.0,1888.0,True,Pädagoge; Klassischer Philologe,Berlinisches Gymnasium Zum Grauen Kloster; Friedrich-Wilhelms-Universität Berlin
steffens-henrich,"Steffens, Henrich",3,1836,1839,118617109,"Steffens, Henrik",Q64406,1.0,1.0,sicher,1773.0,1845.0,True,Naturwissenschaftler; Philosoph; Schriftsteller; Hochschullehrer,Christian-Albrechts-Universität zu Kiel; Københavns Universitet; Universität Breslau
jaschke-heinrich-august,"Jäschke, Heinrich August",3,1860,1867,117059838,"Jäschke, Heinrich August",Q64653,0.75,0.75,sicher,1817.0,1883.0,False,Missionar; Linguist; Tibetologe,
villoison-jean-baptiste-gaspard-d-ansse-de,"Villoison, Jean Baptiste Gaspard d'Ansse de",3,1777,1781,117428272,"Ansse de Villoison, Jean-Baptiste-Gaspard d'",Q1684643,1.0,1.0,sicher,1750.0,1805.0,True,Klassischer Philologe,
sussmilch-johann-peter,"Süssmilch, Johann Peter",3,1746,1766,118814834,"Süssmilch, Johann Peter",Q64375,1.0,1.0,sicher,1707.0,1767.0,True,Theologe; Statistiker; Volkswirt; Pfarrer,
jablonski-paul-ernst,"Jablonski, Paul Ernst",3,1740,1743,117028487,"Jablonski, Paul Ernst",Q110313,1.0,1.0,sicher,1693.0,1757.0,True,Orientalist; Theologe; Hochschullehrer; Pfarrer,
schmoller-gustav,"Schmoller, Gustav",3,1887,1896,118609378,"Schmoller, Gustav von",Q62833,1.0,0.35,sicher,1838.0,1917.0,True,Wirtschaftswissenschaftler; Sozialwissenschaftler; Hochschullehrer; Volkswirt,Königliche Akademie der Wissenschaften (Berlin)
brucker-jakob,"Brucker, Jakob",3,1734,1740,116725966,"Brucker, Johann Jakob",Q72022,1.0,1.0,sicher,1696.0,1770.0,True,Evangelischer Theologe; Philosoph; Historiker; Schriftsteller,
selenka-emil,"Selenka, Emil",3,1882,1896,117473855,"Selenka, Emil",Q71177,0.75,0.75,sicher,1842.0,1902.0,False,Zoologe,Ludwig-Maximilians-Universität München
lalande-joseph-jerome-le-francais-de,"Lalande, Joseph Jérôme Le Français de",3,1752,1752,104234059,"Lalande, Joseph Jérôme Le Français de",Q168419,1.0,1.0,sicher,1732.0,1807.0,True,Astronom; Mathematiker; Hochschullehrer; Zensor,Collège de France; Königliche Akademie der Wissenschaften (Berlin)
galle-johann-gottfried,"Galle, Johann Gottfried",3,1842,1879,118689304,"Galle, Johann Gottfried",Q76431,0.75,0.75,sicher,1812.0,1910.0,False,Astronom; Meteorologe; Klimatologe; Hochschullehrer,Universitätssternwarte zu Breslau; Gymnasium (Guben); Königliche Sternwarte zu Berlin
roemer-olof,"Roemer, Olof",3,1710,1781,,,,0.0,,kein_treffer,,,,,
richarz-franz,"Richarz, Franz",3,1893,1898,116508868,"Richarz, Franz",Q20686575,0.825,0.624,sicher,1860.0,1920.0,False,Physiker; Hochschullehrer,Kaiserlich Leopoldinisch-Carolinische Deutsche Akademie der Naturforscher; Ernst-Moritz-Arndt-Universität Greifswald; Philipps-Universität Marburg
sadebeck-alexander,"Sadebeck, Alexander",3,1876,1878,116742984,"Sadebeck, Alexander",Q2642929,0.75,0.75,sicher,1843.0,1879.0,False,Geologe; Mineraloge,Christian-Albrechts-Universität zu Kiel. Philosophische Fakultät; Christian-Albrechts-Universität zu Kiel
schaffgotsch-franz-graf,"Schaffgotsch, Franz Graf",3,1846,1857,117620025,"Schaffgotsch, Franz Gotthard von",Q59353070,0.825,0.175,sicher,1816.0,1864.0,False,Chemiker; Physiker; Naturwissenschaftler,Kaiserlich Leopoldinisch-Carolinische Deutsche Akademie der Naturforscher
schaudinn-fritz-r,"Schaudinn, Fritz R.",3,1894,1900,119233223,"Schaudinn, Fritz R.",Q64321,0.75,0.75,sicher,1871.0,1906.0,False,Zoologe; Mikrobiologe; Biologe; Arzt,
rudorff-friedrich,"Rüdorff, Friedrich",3,1861,1885,116675020,"Rüdorff, Friedrich",Q98033,0.825,0.825,sicher,1832.0,1902.0,False,Chemiker,Bauakademie (Berlin); Friedrich-Wilhelms-Universität Berlin; Technische Hochschule Berlin
klein-ernst-ferdinand,"Klein, Ernst Ferdinand",3,1805,1806,116211148,"Klein, Ernst Ferdinand",Q213835,1.0,1.0,sicher,1743.0,1810.0,True,Jurist; Freimaurer,"Mittwochs-Gesellschaft (Berlin, 1863-1944); Königliche Akademie der Wissenschaften (Berlin); Preußen. Obertribunal"
bunsen-robert,"Bunsen, Robert",3,1850,1861,118664999,"Bunsen, Robert Wilhelm",Q71031,1.0,0.25,sicher,1811.0,1899.0,True,Chemiker; Hochschullehrer,Universität Heidelberg; Kaiserlich Leopoldinisch-Carolinische Deutsche Akademie der Naturforscher; Höhere Gewerbschule in Cassel
brugsch-heinrich,"Brugsch, Heinrich",3,1853,1881,118674676,"Brugsch, Heinrich",Q213729,1.0,1.0,sicher,1827.0,1894.0,True,Ägyptologe; Orientalist; Diplomat,Georg-August-Universität Göttingen; Friedrich-Wilhelms-Universität Berlin; American University in Cairo
schlagintweit-sakunluns-ki-hermann-von,"Schlagintweit-sakünlüns-ki, Hermann von",3,1858,1865,,,,0.0,,kein_treffer,,,,,
schott-johann-karl,"Schott, Johann Karl",3,1710,1727,115753826,"Schott, Johann Carl",Q1692831,1.0,1.0,sicher,1672.0,1717.0,True,Numismatiker; Bibliothekar; Archäologe,Königliche Bibliothek zu Berlin
prokesch-von-osten-anton-graf,"Prokesch Von Osten, Anton Graf",3,1847,1850,118596713,"Prokesch von Osten, Anton",Q84618,1.0,1.0,sicher,1795.0,1876.0,True,Diplomat; Politiker; Forschungsreisender; Schriftsteller,
puchstein-otto,"Puchstein, Otto",3,1883,1889,116307161,"Puchstein, Otto",Q97401,0.75,0.75,sicher,1856.0,1911.0,False,Hochschullehrer,Deutsches Archäologisches Institut
clebsch-alfred,"Clebsch, Alfred",3,1857,1868,116541830,"Clebsch, Alfred",Q61737,1.0,1.0,sicher,1833.0,1872.0,True,Mathematiker; Hochschullehrer,
lieberkuhn-nathanael,"Lieberkühn, Nathanael",3,1856,1861,116995920,"Lieberkühn, Nathanael",Q1245359,0.825,0.825,sicher,1821.0,1887.0,False,Arzt; Hochschullehrer,Philipps-Universität Marburg; Kaiserlich Leopoldinisch-Carolinische Deutsche Akademie der Naturforscher
deffner-michael,"Deffner, Michael",3,1875,1877,116050772,"Deffner, Michael",Q1668570,0.75,0.75,sicher,1848.0,1934.0,False,Bibliothekar,Ethnikē Bibliothēkē tēs Hellados
dahl-friedrich,"Dahl, Friedrich",3,1896,1898,116012579,"Dahl, Friedrich",Q73618,0.825,0.255,sicher,1856.0,1929.0,False,Zoologe,Kaiserlich Leopoldinisch-Carolinische Deutsche Akademie der Naturforscher
clairaut-jean-baptiste,"Clairaut, Jean Baptiste",3,1734,1743,1160412200,"Clairaut, Jean-Baptiste",Q139010615,0.67,0.67,unsicher,1716.0,1733.0,False,Mathematiker; Geodät,
delambre-jean-baptiste-joseph,"Delambre, Jean Baptiste Joseph",3,1787,1788,118878913,"Delambre, Jean-Baptiste",Q246517,1.0,1.0,sicher,1749.0,1822.0,True,Astronom; Mathematiker; Wissenschaftshistoriker,Académie des Sciences (Paris)
oppenheim-alphons,"Oppenheim, Alphons",3,1867,1874,117605468,"Oppenheim, Alphons",Q19127113,0.75,0.75,sicher,1833.0,1877.0,False,Chemiker,
olfers-ignaz,"Olfers, Ignaz",3,1832,1859,11712110X,"Olfers, Ignaz von",Q214962,1.0,1.0,sicher,1793.0,1871.0,True,Museumsdirektor; Kunsthistoriker; Arzt,Königliche Museen zu Berlin; Kaiserlich Leopoldinisch-Carolinische Deutsche Akademie der Naturforscher
milchhoefer-arthur,"Milchhoefer, Arthur",3,1887,1892,117041378,"Milchhöfer, Arthur",Q95208,0.75,0.75,sicher,1852.0,1903.0,False,Archäologe; Autor,Christian-Albrechts-Universität zu Kiel. Philosophische Fakultät; Christian-Albrechts-Universität zu Kiel
mendelssohn-moritz,"Mendelssohn, Moritz",3,1882,1885,,"Mendelsohn, Felix",,0.282,0.282,kein_treffer,,1933.0,False,Redakteur,
christoffel-elwin-bruno,"Christoffel, Elwin Bruno",3,1861,1869,118520679,"Christoffel, Elwin Bruno",Q58795,1.0,1.0,sicher,1829.0,1900.0,True,Mathematiker,Kaiser-Wilhelms-Universität Straßburg
langerhans-paul,"Langerhans, Paul",3,1877,1878,104242213,"Langerhans, Paul",Q1417428,0.75,0.0,unsicher,1820.0,1909.0,False,Arzt; Politiker; Abgeordneter,Deutsches Reich. Reichstag
leiss-karl,"Leiss, Karl",3,1897,1899,102624828,"Leiss, Carl",Q55904325,0.75,0.75,sicher,1868.0,1940.0,False,Mechaniker,
ginzel-friedrich-karl,"Ginzel, Friedrich Karl",3,1886,1887,117544892,"Ginzel, Friedrich Karl",Q113103,0.75,0.75,sicher,1850.0,1926.0,False,Astronom,
roloff-christian-ludwig,"Roloff, Christian Ludwig",3,1758,1768,136406564,"Roloff, Christian Ludwig",Q21607356,0.75,0.75,sicher,1726.0,1800.0,False,Arzt,
rosen-georg,"Rosen, Georg",3,1845,1847,116621257,"Rosen, Georg",Q214165,0.9,0.15,sicher,1820.0,1891.0,True,Diplomat; Orientalist; Reisender; Beglaubigungsschreiben,
burgsdorf-friedrich-august-ludwig-von,"Burgsdorf, Friedrich August Ludwig von",3,1793,1803,117168998,"Burgsdorf, Friedrich August Ludwig von",Q108681,1.0,1.0,sicher,1747.0,1802.0,True,Forstwissenschaftler; Botaniker,
zollner-johann-friedrich,"Zöllner, Johann Friedrich",3,1796,1799,104197102,"Zöllner, Johann Friedrich",Q1693706,1.0,0.35,sicher,1753.0,1804.0,True,Pädagoge; Propst; Theologe; Philologe,Große National-Mutterloge Zu den Drei Weltkugeln; Königliche Akademie der Wissenschaften (Berlin)
magnus-heinrich-gustav,"Magnus, Heinrich Gustav",3,1850,1853,118576178,"Magnus, Heinrich Gustav",Q44318,1.0,1.0,sicher,1802.0,1870.0,True,Physiker; Chemiker; Hochschullehrer,
euting-julius,"Euting, Julius",3,1885,1887,118812491,"Euting, Julius",Q76286,1.0,1.0,sicher,1839.0,1913.0,True,Orientalist; Bibliotheksdirektor; Epigraphiker,Kaiserliche Universitäts- und Landesbibliothek zu Strassburg; Universitätsbibliothek Tübingen; Kaiser-Wilhelms-Universität Straßburg
eschenhagen-max,"Eschenhagen, Max",3,1894,1897,117512567,"Eschenhagen, Max",Q1912474,0.825,0.825,sicher,1858.0,1901.0,False,Meteorologe,Kaiserlich Leopoldinisch-Carolinische Deutsche Akademie der Naturforscher
woepcke-franz,"Woepcke, Franz",3,1854,1859,117456039,"Woepcke, Franz",Q98938,0.75,0.75,sicher,1826.0,1864.0,False,Orientalist; Mathematiker,
foerster-wilhelm,"Foerster, Wilhelm",3,1865,1867,118692062,"Foerster, Wilhelm",Q77029,0.75,0.525,sicher,1832.0,1921.0,False,Astronom; Physiker; Mathematiker; Direktor,Königliche Sternwarte zu Berlin; Königliche Sternwarte zu Berlin. Rechen-Institut
melloni-macedonio,"Melloni, Macedonio",3,1853,1854,119268884,"Melloni, Macedonio",Q451305,1.0,1.0,sicher,1798.0,1854.0,True,Physiker,
arzruni-andreas,"Arzruni, Andreas",3,1882,1886,11635383X,"Arzruni, Andreas",Q495828,0.75,0.75,sicher,1847.0,1898.0,False,Mineraloge,
nitzsch-karl-wilhelm,"Nitzsch, Karl Wilhelm",3,1879,1880,117023868,"Nitzsch, Karl Wilhelm",Q119164,1.0,1.0,sicher,1818.0,1880.0,True,Historiker; Hochschullehrer,Christian-Albrechts-Universität zu Kiel; Monumenta Germaniae Historica
biltz-heinrich,"Biltz, Heinrich",2,1895,1896,11618129X,"Biltz, Heinrich",Q78236,0.75,0.75,sicher,1865.0,1943.0,False,Chemiker; Schriftsteller; Hochschullehrer,Universität Breslau; Technische Hochschule Hannover; Christian-Albrechts-Universität zu Kiel. Philosophische Fakultät
behrens-konrad-barthold,"Behrens, Konrad Barthold",2,1710,1781,116111356,"Behrens, Konrad Barthold",Q1476321,1.0,1.0,sicher,1660.0,1736.0,True,Historiker; Arzt,Königlich Preußische Sozietät der Wissenschaften; Sacri Romani Imperii Academia Caesareo-Leopoldina Naturae Curiosorum
gottsche-karl,"Gottsche, Karl",2,1886,1887,116798025,"Gottsche, Carl",Q95552,0.75,0.005,unsicher,1855.0,1909.0,False,Geologe; Mineraloge; Paläontologe,Mineralogisch-Geologisches Institut (Hamburg); Tōkyō Daigaku; Naturhistorisches Museum (Hamburg)
thiesen-max,"Thiesen, Max",2,1889,1890,11762487X,"Thiesen, Max",Q94850606,0.75,0.75,sicher,1849.0,,False,Physiker,
belidor-bernard-de,"Bélidor, Bernard de",2,1734,1781,118201913,"Belidor, Bernard Forest de",Q767329,1.0,1.0,sicher,1693.0,1761.0,True,Ingenieur; Architekt; Mathematiker; Militär,
hartsoeker-nikolaus,"Hartsoeker, Nikolaus",2,1710,1710,,,,0.0,,kein_treffer,,,,,
harold-edgar-freiherr-von,"Harold, Edgar Freiherr von",2,1878,1880,116483806,"Harold, Edgar von",Q11696045,0.65,0.65,unsicher,1830.0,1886.0,False,Major,
harenberg-johann-christoph,"Harenberg, Johann Christoph",2,1740,1743,104338768,"Harenberg, Johann Christoph",Q109659,1.0,1.0,sicher,1696.0,1774.0,True,Historiker; Evangelischer Theologe; Schulinspektor; Theologe,
voeltzkow-alfred,"Voeltzkow, Alfred",2,1891,1893,117449598,"Voeltzkow, Alfred",Q2918926,0.825,0.825,sicher,1860.0,1946.0,False,Forschungsreisender; Zoologe; Naturwissenschaftler,Kaiserlich Leopoldinisch-Carolinische Deutsche Akademie der Naturforscher
wachter-johann-georg,"Wachter, Johann Georg",2,1723,1727,104366273,"Wachter, Johann Georg",Q30905221,0.75,0.75,sicher,1663.0,1757.0,False,Philologe; Linguist; Hebraist; Numismatiker,Universität Leipzig
holtzendorff-ernst-konrad,"Holtzendorff, Ernst Konrad",2,1727,1781,137629028,"Holtzendorff, Ernst Konrad",Q1359028,1.0,1.0,sicher,1688.0,1751.0,True,Arzt; Militärarzt,
horch-friedrich-wilhelm,"Horch, Friedrich Wilhelm",2,1740,1781,,,,0.0,,kein_treffer,,,,,
beetz-wilhelm-von,"Beetz, Wilhelm von",2,1844,1854,116108991,"Beetz, Wilhelm von",Q78212,0.825,0.825,sicher,1822.0,1886.0,False,Physiker,Kaiserlich Leopoldinisch-Carolinische Deutsche Akademie der Naturforscher
arning-eduard,"Arning, Eduard",2,1886,1886,118650300,"Arning, Eduard",Q75691,0.75,0.75,sicher,1855.0,1936.0,False,Hautarzt; Sammler,
hellmann-gustav,"Hellmann, Gustav",2,1878,1885,116687533,"Hellmann, Gustav",Q70610,1.0,1.0,sicher,1854.0,1939.0,True,Meteorologe,Friedrich-Wilhelms-Universität Berlin; Preußisches Meteorologisches Institut
hiller-von-gaertringen-friedrich,"Hiller von Gaertringen, Friedrich",2,1895,1898,105268798,"Hiller von Gaertringen, Friedrich",Q97541,1.0,0.805,sicher,1864.0,1947.0,True,Archäologe; Klassischer Philologe,
weber-leonhard,"Weber, Leonhard",2,1885,1889,117167002,"Weber, Leonhard",Q1819302,0.75,0.75,sicher,1848.0,1919.0,False,Physiker,Christian-Albrechts-Universität zu Kiel. Philosophische Fakultät; Universität Breslau; Christian-Albrechts-Universität zu Kiel
bartholmess-christian,"Bartholmèss, Christian",2,1850,1851,117767565,"Bartholmess, Chrétien",Q2965033,0.75,0.75,sicher,1815.0,1856.0,False,Philosoph; Hochschullehrer; Evangelischer Theologe,
imhoof-blumer-friedrich,"Imhoof-Blumer, Friedrich",2,1881,1885,117137332,"Imhoof-Blumer, Friedrich",Q117983,1.0,1.0,sicher,1838.0,1920.0,True,Numismatiker; Archäologe; Mäzen,
valentini-michael-bernhard,"Valentini, Michael Bernhard",2,1710,1781,117340650,"Valentini, Michael Bernhard",Q74949,1.0,1.0,sicher,1657.0,1729.0,True,Physiker; Arzt,Königlich Preußische Sozietät der Wissenschaften; Royal Society (London); Academia Naturae Curiosorum
traube-moritz,"Traube, Moritz",2,1859,1887,118760734,"Traube, Moritz",Q90677,1.0,1.0,sicher,1826.0,1894.0,True,Chemiker,Kaiserlich Leopoldinisch-Carolinische Deutsche Akademie der Naturforscher
toaldo-giuseppe,"Toaldo, Giuseppe",2,1780,1782,117628204,"Toaldo, Giuseppe",Q1088737,0.75,0.75,sicher,1719.0,1797.0,False,Physiker; Priester; Astronom; Meteorologe,
tiemann-ferdinand,"Tiemann, Ferdinand",2,1874,1893,117378283,"Tiemann, Ferdinand",Q105996,0.825,0.825,sicher,1848.0,1899.0,False,Chemiker; Hochschullehrer,Kaiserlich Leopoldinisch-Carolinische Deutsche Akademie der Naturforscher; Friedrich-Wilhelms-Universität Berlin
bauer-max,"Bauer, Max",2,1877,1881,116085614,"Bauer, Max",Q109474,0.825,0.075,unsicher,1844.0,1917.0,False,Geologe; Mineraloge; Hochschullehrer; Schriftsteller,Königliche Albertus-Universität zu Königsberg i. Pr.; Philipps-Universität Marburg; Kaiserlich Leopoldinisch-Carolinische Deutsche Akademie der Naturforscher
becmann-bernhard-ludwig,"Becmann, Bernhard Ludwig",2,1753,1754,100739458,"Beckmann, Bernhard Ludwig",Q94886906,0.825,0.825,sicher,1694.0,1760.0,False,Pädagoge; Gelehrter,Kaiserlich Leopoldinisch-Carolinische Deutsche Akademie der Naturforscher; Königliches Joachimsthalsches Gymnasium
zedlitz-karl-abraham-freiherr-von,"Zedlitz, Karl Abraham Freiherr von",2,1779,1779,118808354,"Zedlitz, Karl Abraham von",Q96859,1.0,1.0,sicher,1731.0,1793.0,True,Politiker; Minister,Königliche Ritter-Akademie zu Liegnitz
baeyer-adolf-von,"Baeyer, Adolf von",2,1866,1866,118646346,"Baeyer, Adolf von",Q57078,1.0,1.0,sicher,1835.0,1917.0,True,Chemiker,Ludwig-Maximilians-Universität München; Zwanglose Gesellschaft (München); Kaiser-Wilhelms-Universität Straßburg
wiebe-hermann-friedrich,"Wiebe, Hermann Friedrich",2,1884,1885,173171729,"Wiebe, Hermann F.",,0.65,0.65,unsicher,1852.0,,False,,
achard-franz,"Achard, Franz",2,1746,1746,116241500,"Achard, Franz",Q96230151,0.75,0.75,sicher,1699.0,1782.0,False,Jurist,
hildebrand-friedrich,"Hildebrand, Friedrich",2,1866,1872,116802502,"Hildebrand, Friedrich",Q96766,0.825,0.075,unsicher,1835.0,1915.0,False,Botaniker,Kaiserlich Leopoldinisch-Carolinische Deutsche Akademie der Naturforscher
hertz-martin,"Hertz, Martin",2,1847,1891,116754427,"Hertz, Martin",Q110199,0.75,0.0,unsicher,1818.0,1895.0,False,Philologe; Klassischer Philologe,
henckel-joachim-friedrich,"Henckel, Joachim Friedrich",2,1779,1779,12223636X,"Henckel, Joachim Friedrich",Q102460,1.0,1.0,sicher,1712.0,1779.0,True,Arzt,Kaiserlich Leopoldinisch-Carolinische Deutsche Akademie der Naturforscher
hensel-kurt,"Hensel, Kurt",2,1895,1895,118800337,"Hensel, Kurt",Q61756,0.825,0.63,sicher,1861.0,1941.0,False,Mathematiker,Kaiserlich Leopoldinisch-Carolinische Deutsche Akademie der Naturforscher; Philipps-Universität Marburg
wendland-paul,"Wendland, Paul",2,1897,1898,117285102,"Wendland, Paul",Q97976,1.0,1.0,sicher,1864.0,1915.0,True,Klassischer Philologe,Universität Breslau; Georg-August-Universität Göttingen; Christian-Albrechts-Universität zu Kiel
walter-friedrich-august,"Walter, Friedrich August",2,1796,1816,11713094X,"Walter, Friedrich August",Q94831121,0.75,0.75,sicher,1764.0,1826.0,False,Arzt; Anatom; Selbstverleger,
welcker-friedrich-gottlieb,"Welcker, Friedrich Gottlieb",2,1849,1853,118630741,"Welcker, Friedrich Gottlieb",Q69028,1.0,1.0,sicher,1784.0,1868.0,True,Klassischer Philologe; Hochschullehrer; Bibliotheksdirektor; Archäologe,Universitätsbibliothek Bonn
schneider-anton,"Schneider, Anton",2,1856,1861,116822759,"Schneider, Friedrich Anton",Q15454342,0.825,0.075,unsicher,1831.0,1890.0,False,Zoologe; Cytologe,Kaiserlich Leopoldinisch-Carolinische Deutsche Akademie der Naturforscher
schmidt-karl,"Schmidt, Karl",2,1891,1896,117644293,"Schmidt, Karl Eduard Franz",Q20733862,0.825,0.075,unsicher,1862.0,1946.0,False,Physiker; Hochschullehrer,Königliche Albertus-Universität zu Königsberg i. Pr.; Kaiserlich Leopoldinisch-Carolinische Deutsche Akademie der Naturforscher; Kaiser-Wilhelms-Universität Straßburg
schurer-emil,"Schürer, Emil",2,1896,1897,117133116,"Schürer, Emil",Q70156,1.0,1.0,sicher,1844.0,1910.0,True,Evangelischer Theologe,Christian-Albrechts-Universität zu Kiel
koelliker-albert-von,"Koelliker, Albert von",2,1856,1857,118988999,"Kölliker, Albert von",Q123528,1.0,1.0,sicher,1817.0,1905.0,True,Arzt; Zoologe; Histologe; Physiologe,Kaiserlich Leopoldinisch-Carolinische Deutsche Akademie der Naturforscher; Julius-Maximilians-Universität Würzburg
gross-theodor,"Gross, Theodor",2,1877,1879,1055351116,"Gross, Theodor",Q133488587,0.65,0.208,unsicher,1846.0,1913.0,False,,
schumann-karl,"Schumann, Karl",2,1889,1900,117294713,"Schumann, Karl",Q63545,0.825,0.075,unsicher,1851.0,1904.0,False,Botaniker,Botanisches Museum zu Berlin; Deutsche Kakteen-Gesellschaft; Kaiserlich Leopoldinisch-Carolinische Deutsche Akademie der Naturforscher
knobelsdorff-friedrich-wilhelm-ernst-von,"Knobelsdorff, Friedrich Wilhelm Ernst von",2,1800,1800,116257873,"Knobelsdorf, Friedrich Wilhelm von",Q9263822,0.75,0.75,sicher,1752.0,1820.0,False,General; Diplomat; Gesandter; Generalleutnant,
kny-leopold,"Kny, Leopold",2,1869,1870,116262761,"Kny, Leopold",Q4224659,0.825,0.825,sicher,1841.0,1916.0,False,Botaniker,Friedrich-Wilhelms-Universität Berlin; Kaiserlich Leopoldinisch-Carolinische Deutsche Akademie der Naturforscher
schultz-sellack-karl,"Schultz-sellack, Karl",2,1869,1871,1159096171,"Schultz-Sellack, Karl",,0.55,0.55,unsicher,,,False,,
schubring-julius,"Schubring, Julius",2,1865,1866,133675491,"Schubring, Julius",Q100538,0.75,0.0,unsicher,1839.0,1914.0,False,Klassischer Philologe; Pädagoge; Gymnasiallehrer,Katharineum zu Lübeck
schroeter-heinrich,"Schroeter, Heinrich",2,1863,1877,117097748,"Schroeter, Heinrich Eduard",Q90572,1.0,1.0,sicher,1829.0,1892.0,True,Mathematiker,Kaiserlich Leopoldinisch-Carolinische Deutsche Akademie der Naturforscher
schulze-franz,"Schulze, Franz",2,1844,1855,115754016,"Schulze, Franz Ferdinand",Q55134178,0.75,0.0,unsicher,1815.0,1873.0,False,Chemiker; Hochschullehrer,Universität Rostock
schroeder-paul,"Schroeder, Paul",2,1872,1884,117646571,"Schroeder, Paul",Q1607451,0.75,0.0,unsicher,1844.0,1912.0,False,Konsul; Klassischer Philologe; Orientalist; Philologe,
segner-johann-andreas-von,"Segner, Johann Andreas von",2,1758,1779,11861276X,"Segner, Johann Andreas von",Q65853,1.0,1.0,sicher,1704.0,1777.0,True,Naturwissenschaftler; Mathematiker; Physiker; Astronom,
seip-johann-philipp,"Seip, Johann Philipp",2,1737,1781,104196408,"Seip, Johann Philipp",Q21165564,0.825,0.6,sicher,1686.0,1757.0,False,Arzt,Kaiserlich Leopoldinisch-Carolinische Deutsche Akademie der Naturforscher
sell-eugen,"Sell, Eugen",2,1866,1874,117474290,"Sell, Eugen",Q18224079,0.75,0.75,sicher,1842.0,1896.0,False,Chemiker,Friedrich-Wilhelms-Universität Berlin
spener-christian-maximilian,"Spener, Christian Maximilian",2,1710,1781,117492167,"Spener, Christian Maximilian",Q125325,1.0,1.0,sicher,1678.0,1714.0,True,Arzt; Hochschullehrer; Heraldiker; Genealoge,Kurfürstlich-Brandenburgische Societät der Wissenschaften; Königlich Preußische Sozietät der Wissenschaften; Sacri Romani Imperii Academia Caesareo-Leopoldina Naturae Curiosorum
spiess-n,"Spiess, N",2,1727,1781,,Spiess,,0.235,0.01,kein_treffer,,,False,,
sohncke-leonhard,"Sohncke, Leonhard",2,1873,1880,117453021,"Sohncke, Leonhard",Q84370,0.75,0.75,sicher,1842.0,1897.0,False,Physiker; Mineraloge,
seidel-christoph-matthaeus,"Seidel, Christoph Matthaeus",2,1710,1781,120568101,"Seidel, Christoph Matthäus",Q55675838,0.75,0.75,sicher,1668.0,1723.0,False,Pfarrer; Lutherischer Theologe; Superintendent; Pietist,
haast-julius-von,"Haast, Julius von",2,1868,1869,116348895,"Haast, Julius von",Q213922,0.825,0.825,sicher,1824.0,1887.0,False,Geologe; Botaniker; Paläontologe; Forschungsreisender,Kaiserlich Leopoldinisch-Carolinische Deutsche Akademie der Naturforscher
schweinfurth-georg,"Schweinfurth, Georg",2,1886,1893,118760041,"Schweinfurth, Georg",Q63126,0.825,0.825,sicher,1836.0,1925.0,False,Naturwissenschaftler; Botaniker; Forschungsreisender; Geologe,Kaiserlich Leopoldinisch-Carolinische Deutsche Akademie der Naturforscher
kekule-von-stradonitz-reinhard,"Kekule Von Stradonitz, Reinhard",2,1898,1899,118931504,"Kekulé von Stradonitz, Reinhard",Q85881,1.0,0.631,sicher,1839.0,1911.0,True,Archäologe; Hochschullehrer,Rheinische Friedrich-Wilhelms-Universität Bonn; Deutsches Archäologisches Institut. Abteilung Rom; Friedrich-Wilhelms-Universität Berlin
johow-friedrich,"Johow, Friedrich",2,1884,1898,117655244,"Johow, Friedrich",Q4354679,0.75,0.75,sicher,1859.0,1933.0,False,Botaniker,
springsfeld-gottlob-karl,"Springsfeld, Gottlob Karl",2,1754,1786,1013215540,"Springsfeld, Gottlob Karl",Q23788204,0.825,0.825,sicher,1714.0,1772.0,False,Arzt; Anatom; Gymnasiallehrer,Kaiserlich Leopoldinisch-Carolinische Deutsche Akademie der Naturforscher
kamtz-ludwig-friedrich,"Kämtz, Ludwig Friedrich",2,1840,1841,116013885,"Kämtz, Ludwig Friedrich",Q96347,1.0,1.0,sicher,1801.0,1867.0,True,Physiker; Meteorologe,
stuhlmann-franz,"Stuhlmann, Franz",2,1888,1889,119365154,"Stuhlmann, Franz",Q107750,0.75,0.555,sicher,1863.0,1928.0,False,Biologe; Zoologe; Forschungsreisender; Ethnologe,Hamburgisches Kolonialinstitut; Hamburgisches Welt-Wirtschafts-Archiv
karsten-carl-j-b,"Karsten, Carl J. B.",2,1850,1852,116061235,"Karsten, Carl J. B.",Q88421,1.0,1.0,sicher,1782.0,1853.0,True,Chemiker; Mineraloge; Oberbergrat,Kaiserlich Leopoldinisch-Carolinische Deutsche Akademie der Naturforscher
stumpf-karl,"Stumpf, Karl",2,1895,1896,118933299,"Stumpf, Carl",Q57497,1.0,0.775,sicher,1848.0,1936.0,True,Philosoph; Psychologe; Musikwissenschaftler,Julius-Maximilians-Universität Würzburg; Georg-August-Universität Göttingen
bohn-richard,"Bohn, Richard",2,1882,1885,117617571,"Bohn, Richard",Q111407,0.75,0.555,sicher,1849.0,1898.0,False,Archäologe,
bottger-oskar,"Böttger, Oskar",2,1887,1888,117617407,"Böttger, Oskar",Q73241,0.825,0.825,sicher,1844.0,1910.0,False,Zoologe; Paläontologe,Kaiserlich Leopoldinisch-Carolinische Deutsche Akademie der Naturforscher
brandes-gustav,"Brandes, Gustav",2,1896,1897,116400773,"Brandes, Gustav",Q1555676,0.75,0.18,sicher,1862.0,1941.0,False,Zoologe,
unger-bodo,"Unger, Bodo",2,1844,1845,117292532,"Unger, Bodo",Q19835582,0.75,0.75,sicher,1819.0,1885.0,False,Chemiker,
valenciennes-achille,"Valenciennes, Achille",2,1841,1852,117339385,"Valenciennes, Achille",Q340257,1.0,1.0,sicher,1794.0,1865.0,True,Zoologe; Ichthyologe,
barth-heinrich,"Barth, Heinrich",2,1854,1859,119076950,"Barth, Heinrich",Q60141,0.825,0.155,sicher,1821.0,1865.0,False,Forschungsreisender; Geograf; Hochschullehrer; Philologe,Gesellschaft für Erdkunde zu Berlin; Kaiserlich Leopoldinisch-Carolinische Deutsche Akademie der Naturforscher
holst-gabriel,"Holst, Gabriel",2,1727,1781,1157526381,"Holst, Gabriel",,0.55,0.439,unsicher,,,False,,
jesse-otto,"Jesse, Otto",2,1890,1891,117615781,"Jesse, Otto",Q94880206,0.75,0.18,sicher,1838.0,1901.0,False,Astronom,
vater-abraham,"Vater, Abraham",2,1734,1781,117355666,"Vater, Abraham",Q73396,1.0,1.0,sicher,1684.0,1751.0,True,Arzt; Anatom; Botaniker,Royal Society (London); Universität Wittenberg; Königlich Preußische Sozietät der Wissenschaften
illiger-karl,"Illiger, Karl",2,1815,1816,117129275,"Illiger, Johann Karl Wilhelm",Q58832,1.0,0.35,sicher,1775.0,1813.0,True,Entomologe; Zoologe; Entomologe,
johrenius-martin-daniel,"Johrenius, Martin Daniel",2,1727,1781,,"Johren, Martin Daniel",Q132700390,0.195,0.101,kein_treffer,,1718.0,False,,
tempelhoff-georg-friedrich-von,"Tempelhoff, Georg Friedrich von",2,1788,1793,117255335,"Tempelhoff, Georg Friedrich von",Q105781,1.0,1.0,sicher,1737.0,1807.0,True,Schriftsteller; Militär; Offizier; General,
schaudinn-fritz,"Schaudinn, Fritz",2,1896,1896,119233223,"Schaudinn, Fritz R.",Q64321,0.75,0.75,sicher,1871.0,1906.0,False,Zoologe; Mikrobiologe; Biologe; Arzt,
goette-alexander,"Goette, Alexander",2,1886,1892,116733330,"Goette, Alexander",Q73476,1.0,1.0,sicher,1840.0,1922.0,True,Zoologe; Arzt; Hochschullehrer,
schaarschmidt-samuel,"Schaarschmidt, Samuel",2,1740,1781,130014311,"Schaarschmidt, Samuel",Q28498702,0.75,0.75,sicher,1709.0,1747.0,False,Arzt,Königliches Charité-Krankenhaus (Berlin)
kruger,Krüger,2,1844,1844,104705938X,"Krüger, Carl",Q15791305,0.57,0.08,unsicher,1815.0,1883.0,False,Abgeordneter; Jurist; Justizbeamter; Abgeordneter,Mecklenburg. Abgeordnetenversammlung
krigar-menzel-otto,"Krigar-menzel, Otto",2,1891,1893,117549282,"Krigar-Menzel, Otto",Q55854086,0.75,0.75,sicher,1861.0,1929.0,False,Physiker,
goldschmidt-siegfried,"Goldschmidt, Siegfried",2,1868,1879,116757213,"Goldschmidt, Siegfried",Q55674755,0.75,0.75,sicher,1844.0,1884.0,False,Indologe; Orientalist,
krause-rudolf,"Krause, Rudolf",2,1897,1900,1055314733,"Krause, Rudolph",Q89596093,0.825,0.075,unsicher,1834.0,1895.0,False,Arzt; Anthropologe,Kaiserlich Leopoldinisch-Carolinische Deutsche Akademie der Naturforscher
sack-august-friedrich-wilhelm,"Sack, August Friedrich Wilhelm",2,1746,1783,11674183X,"Sack, August Friedrich Wilhelm",Q761320,1.0,1.0,sicher,1703.0,1786.0,True,Theologe; Hofprediger; Theologe; Domprediger,Oberpfarr- und Domkirche zu Berlin
runge-karl,"Runge, Karl",2,1895,1895,1366493753,"Runge, Carl",,0.75,0.0,unsicher,1875.0,,False,Arzt,
kruger-johann-gottlob,"Krüger, Johann Gottlob",2,1743,1781,118826565,"Krüger, Johann Gottlob",Q1694228,1.0,1.0,sicher,1715.0,1759.0,True,Arzt,Academia Julia; Kaiserlich Leopoldinisch-Carolinische Deutsche Akademie der Naturforscher; Martin-Luther-Universität Halle-Wittenberg
kuhn-adalbert,"Kühn, Adalbert",2,1872,1874,116601825,"Kuhn, Adalbert",Q76174,1.0,1.0,sicher,1812.0,1881.0,True,Philologe; Indogermanist; Historiker; Sagenforscher,
schering-ernst,"Schering, Ernst",2,1876,1885,117219983,"Schering, Ernst",Q91390,1.0,0.25,sicher,1833.0,1897.0,True,Mathematiker; Physiker,
krafft-georg-wolfgang,"Krafft, Georg Wolfgang",2,1748,1783,116356642,"Krafft, Georg Wolfgang",Q91570,1.0,1.0,sicher,1701.0,1754.0,True,Mathematiker; Physiker,Imperatorskaja akademija nauk; Fürstliches Collegium (Tübingen)
kossel-albrecht,"Kossel, Albrecht",2,1894,1896,116343338,"Kossel, Albrecht",Q57128,0.825,0.175,sicher,1853.0,1927.0,False,Biochemiker; Arzt; Physiologe; Chemiker,Kaiserlich Leopoldinisch-Carolinische Deutsche Akademie der Naturforscher; Universität Heidelberg; Friedrich-Wilhelms-Universität Berlin
kotter-fritz,"Kötter, Fritz",2,1891,1895,1014265045,"Kötter, Fritz",Q1299103,0.825,0.825,sicher,1857.0,1912.0,False,Mathematiker,Kaiserlich Leopoldinisch-Carolinische Deutsche Akademie der Naturforscher
buchholz-reinhold,"Buchholz, Reinhold",2,1874,1874,131622269,"Buchholz, Reinhold",Q3423916,0.75,0.75,sicher,1837.0,1876.0,False,Zoologe,
brunner-von-wattenwyl-karl,"Brunner Von Wattenwyl, Karl",2,1845,1846,11572186X,"Brunner von Wattenwyl, Karl",Q116662,0.825,0.825,sicher,1823.0,1914.0,False,Physiker; Entomologe,Kaiserlich Leopoldinisch-Carolinische Deutsche Akademie der Naturforscher; Universität Bern
bruns-karl-georg,"Bruns, Karl Georg",2,1875,1877,11681263X,"Bruns, Karl Georg",Q91101,1.0,1.0,sicher,1816.0,1880.0,True,Jurist; Hochschullehrer,Martin-Luther-Universität Halle-Wittenberg; Universität Rostock
kopsch-friedrich,"Kopsch, Friedrich",2,1897,1897,116339128,"Kopsch, Fr.",Q90142,0.825,0.825,sicher,1868.0,1955.0,False,Arzt,Kaiserlich Leopoldinisch-Carolinische Deutsche Akademie der Naturforscher
bruns-heinrich,"Bruns, Heinrich",2,1881,1890,116812605,"Bruns, Heinrich",Q68360,1.0,0.805,sicher,1848.0,1919.0,True,Mathematiker; Astronom; Rektor,Kaiserlich Leopoldinisch-Carolinische Deutsche Akademie der Naturforscher; Universität Leipzig; Friedrich-Wilhelms-Universität Berlin
schmidt-alexander,"Schmidt, Alexander",2,1861,1861,117644145,"Schmidt, Alexander",Q1610524,0.825,0.075,unsicher,1831.0,1894.0,False,Physiologe,Kaiserlich Leopoldinisch-Carolinische Deutsche Akademie der Naturforscher
schmid-johann-andreas,"Schmid, Johann Andreas",2,1710,1781,104138017,"Schmidt, Johann Andreas",Q1692371,1.0,0.775,sicher,1652.0,1726.0,True,Evangelischer Theologe; Kirchenhistoriker; Abt; Hochschullehrer,Academia Julia; Sacri Romani Imperii Academia Caesareo-Leopoldina Naturae Curiosorum; Lyceum (Marienthal)
schonbein-christian-friedrich,"Schönbein, Christian Friedrich",2,1844,1856,118758861,"Schönbein, Christian Friedrich",Q61319,1.0,0.43,sicher,1799.0,1868.0,True,Chemiker; Gymnasiallehrer; Physiker,Pädagogium in Basel; Universität Basel; Kaiserlich Leopoldinisch-Carolinische Deutsche Akademie der Naturforscher
lejeune-dirichlet-peter-gustav,"Lejeune Dirichlet, Peter Gustav",2,1851,1852,11852593X,"Lejeune Dirichlet, Peter Gustav",Q29193,1.0,1.0,sicher,1805.0,1859.0,True,Mathematiker,
latyschew-basil,"Latyschew, Basil",2,1892,1895,116865083,"Latyšev, Vasilij Vasilʹevič",Q225453,1.0,1.0,sicher,1855.0,1921.0,True,Archäologe; Klassischer Philologe,
forster-richard,"Förster, Richard",2,1885,1896,116643137,"Förster, Richard Carl Friedrich",Q97231,0.75,0.0,unsicher,1825.0,1902.0,False,Augenarzt; Sachbuchautor,
langhansen-christoph,"Langhansen, Christoph",2,1723,1734,100610404,"Langhansen, Christoph",Q1085393,1.0,1.0,sicher,1691.0,1770.0,True,Mathematiker; Astronom; Evangelischer Theologe,
chamisso-adelbert-von,"Chamisso, Adelbert von",2,1837,1838,118520040,"Chamisso, Adelbert von",Q154782,1.0,1.0,sicher,1781.0,1838.0,True,Schriftsteller; Naturwissenschaftler; Schriftsteller; Offizier,Botanischer Garten zu Berlin; Kaiserlich Leopoldinisch-Carolinische Deutsche Akademie der Naturforscher
chauvin-etienne,"Chauvin, Étienne",2,1710,1781,121699331,"Chauvin, Étienne",Q3592108,1.0,1.0,sicher,1640.0,1725.0,True,Theologe; Pfarrer; Philosoph,
christiani-arthur,"Christiani, Arthur",2,1881,1884,11768564X,"Christiani, Arthur",Q55127529,0.75,0.75,sicher,1843.0,1887.0,False,Elektriker; Arzt; Physiologe,
gabriel-siegmund,"Gabriel, Siegmund",2,1888,1890,116327375,"Gabriel, Siegmund",Q65143,0.825,0.825,sicher,1851.0,1924.0,False,Chemiker,Kaiserlich Leopoldinisch-Carolinische Deutsche Akademie der Naturforscher
righi-augusto,"Righi, Augusto",2,1898,1898,119373181,"Righi, Augusto",Q742634,0.75,0.75,sicher,1850.0,1920.0,False,Physiker,
cassini-de-thury-cesar-francois,"Cassini De Thury, César François",2,1751,1775,119076675,"Cassini, César-François",Q561280,1.0,1.0,sicher,1714.0,1784.0,True,Astronom; Kartograf; Geograf,Observatoire de Paris
lenz-max,"Lenz, Max",2,1897,1897,118779508,"Lenz, Max",Q84593,1.0,0.805,sicher,1850.0,1932.0,True,Historiker; Jurist,
lendenfeld-robert-von,"Lendenfeld, Robert von",2,1885,1890,116899336,"Lendenfeld, Robert von",Q2158029,0.75,0.75,sicher,1858.0,1913.0,False,Zoologe; Bergsteiger; Forschungsreisender,"Universität Prag (1882 - 1918, 1939 - 1945); Deutsche Universität Prag; Universität Innsbruck"
kunth-carl-sigismund,"Kunth, Carl Sigismund",2,1844,1850,115674667,"Kunth, Carl Sigismund",Q77074,1.0,1.0,sicher,1788.0,1850.0,True,Botaniker,Kaiserlich Leopoldinisch-Carolinische Deutsche Akademie der Naturforscher
la-croze-mathurin-veyssiere-de,"La Croze, Mathurin Veyssière de",2,1710,1710,120359472,"La Croze, Maturin Veyssière",Q681915,1.0,1.0,sicher,1661.0,1739.0,True,Philologe; Bibliothekar; Lehrer; Orientalist,
gerlach-joseph-von,"Gerlach, Joseph von",2,1861,1864,116587016,"Gerlach, Joseph von",Q472732,0.825,0.825,sicher,1820.0,1896.0,False,Arzt; Physiologe; Histologe,Kaiserlich Leopoldinisch-Carolinische Deutsche Akademie der Naturforscher; Universität Erlangen. Medizinische Fakultät; Universität Erlangen
gerota-daniel,"Gerota, Daniel",2,1895,1896,,,,0.0,,kein_treffer,,,,,
sanio-karl,"Sanio, Karl",2,1857,1857,116802928,"Sanio, Carl Gustav",Q3813045,0.75,0.75,sicher,1832.0,1891.0,False,Botaniker; Naturwissenschaftler,
rost-johann-karl,"Rost, Johann Karl",2,1734,1734,13803933X,"Rost, Johann Karl",Q55072054,0.75,0.75,sicher,1690.0,1731.0,False,Meteorologe; Arzt,Sacri Romani Imperii Academia Caesareo-Leopoldina Naturae Curiosorum
rosenbusch-heinrich,"Rosenbusch, Heinrich",2,1898,1899,11662289X,"Rosenbusch, Harry",Q61536,1.0,0.25,sicher,1836.0,1914.0,True,Geologe; Mineraloge; Petrologe,Universität Heidelberg
rontgen-wilhelm-konrad,"Röntgen, Wilhelm Konrad",2,1885,1888,118745743,"Röntgen, Wilhelm Conrad",Q35149,1.0,1.0,sicher,1845.0,1923.0,True,Physiker; Fotograf,
busch-wilhelm,"Busch, Wilhelm",2,1849,1849,11718098X,"Busch, Wilhelm",Q108794,0.75,0.0,unsicher,1826.0,1881.0,False,Arzt; Chirurg,
paschen-friedrich,"Paschen, Friedrich",2,1899,1899,11889210X,"Paschen, Friedrich",Q57805,1.0,0.35,sicher,1865.0,1947.0,True,Physiker; Hochschullehrer,Kaiserlich Leopoldinisch-Carolinische Deutsche Akademie der Naturforscher
lerche-johann-jakob,"Lerche, Johann Jakob",2,1748,1783,100826784,"Lerche, Johann Jacob",Q21518696,0.75,0.75,sicher,1708.0,1780.0,False,Arzt; Forschungsreisender,Sacri Romani Imperii Academia Caesareo-Leopoldina Naturae Curiosorum
liebermann-felix,"Liebermann, Felix",2,1891,1896,116996129,"Liebermann, Felix",Q97734,0.75,0.75,sicher,1851.0,1925.0,False,Historiker; Mediävist; Herausgeber,Monumenta Germaniae Historica
frolich-oskar,"Frölich, Oskar",2,1876,1880,117538531,"Frölich, Oskar",Q122711,0.75,0.75,sicher,1843.0,1909.0,False,Elektrotechniker; Physiker,
philippi-rudolf-amandus,"Philippi, Rudolf Amandus",2,1866,1871,116174536,"Philippi, Rudolf Amandus",Q214994,0.75,0.75,sicher,1808.0,1904.0,False,Geologe; Botaniker; Forschungsreisender; Paläontologe,Pontificia Universidad Católica de Chile; Museo Nacional de Historia Natural (Santiago de Chile)
reinke-johannes,"Reinke, Johannes",2,1876,1893,118788264,"Reinke, Johannes",Q70800,0.825,0.825,sicher,1849.0,1931.0,False,Biologe; Botaniker; Philosoph; Schriftsteller,Christian-Albrechts-Universität zu Kiel. Philosophische Fakultät; Kaiserlich Leopoldinisch-Carolinische Deutsche Akademie der Naturforscher; Christian-Albrechts-Universität zu Kiel
cramer-gabriel,"Cramer, Gabriel",2,1750,1754,11670912X,"Cramer, Gabriel",Q122331,1.0,0.35,sicher,1704.0,1752.0,True,Mathematiker,
cohn-emil,"Cohn, Emil",2,1889,1891,116629150,"Cohn, Emil",Q92123,0.75,0.08,unsicher,1854.0,1944.0,False,Physiker; Hochschullehrer; Physiker,
raumer-friedrich-von,"Raumer, Friedrich von",2,1841,1841,119059622,"Raumer, Friedrich von",Q70855,1.0,0.805,sicher,1781.0,1873.0,True,Historiker; Staatswissenschaftler; Hochschullehrer; Schriftsteller,
retzius-anders,"Retzius, Anders",2,1852,1857,116450266,"Retzius, A.",Q490699,1.0,1.0,sicher,1796.0,1860.0,True,Anthropologe,Kaiserlich Leopoldinisch-Carolinische Deutsche Akademie der Naturforscher
cichorius-konrad,"Cichorius, Konrad",2,1889,1889,116517387,"Cichorius, Conrad",Q87746,0.75,0.75,sicher,1863.0,1932.0,False,Althistoriker; Historiker; Klassischer Philologe,
du-bois-heinrich,"Du Bois, Heinrich",2,1890,1892,118527665,"Du Bois-Reymond, Emil",Q76571,0.639,0.478,unsicher,1818.0,1896.0,True,Arzt; Philosoph; Physiologe; Hochschullehrer,Friedrich-Wilhelms-Universität Berlin; Preußische Akademie der Wissenschaften; Königliche Akademie der Wissenschaften (Berlin)
dithmar-justus-christoph,"Dithmar, Justus Christoph",2,1723,1734,128453230,"Dithmar, Justus Christoph",Q15822147,1.0,1.0,sicher,1678.0,1737.0,True,Jurist; Historiker; Hochschullehrer,"Universität Frankfurt (Oder, 1506-1811)"
oppert-julius,"Oppert, Julius",2,1877,1878,117139092,"Oppert, Julius",Q63488,1.0,1.0,sicher,1825.0,1905.0,True,Orientalist; Linguist; Philologe,Collège de France
oltmanns-friedrich,"Oltmanns, Friedrich",2,1889,1891,117123528,"Oltmanns, Friedrich",Q102707,1.0,1.0,sicher,1860.0,1945.0,True,Botaniker; Naturwissenschaftler; Pharmakologe,Albert-Ludwigs-Universität Freiburg; Kaiserlich Leopoldinisch-Carolinische Deutsche Akademie der Naturforscher
lohse-oswald,"Lohse, Oswald",2,1877,1897,117694940,"Lohse, Oswald",Q73423,0.75,0.75,sicher,1845.0,1915.0,False,Astronom; Chemiker,Astrophysikalisches Observatorium zu Potsdam
ludeling-georg,"Lüdeling, Georg",2,1898,1899,117292605,"Lüdeling, Georg",Q55843182,0.75,0.75,sicher,1863.0,1960.0,False,Meteorologe,
mangoldt-hans,"Mangoldt, Hans",2,1894,1897,115525661,"Mangoldt, Hans von",Q65194,0.75,0.0,unsicher,1854.0,1925.0,False,Mathematiker; Hochschullehrer,Königliche Technische Hochschule Danzig; Rheinisch-Westfälische Technische Hochschule Aachen
noetling-fritz,"Noetling, Fritz",2,1885,1885,119098261,"Noetling, Fritz",Q1435558,0.825,0.825,sicher,1857.0,1928.0,False,Paläontologe; Geologe; Forschungsreisender,Königlich Preußische Geologische Landesanstalt und Bergakademie zu Berlin; Kaiserlich Leopoldinisch-Carolinische Deutsche Akademie der Naturforscher; Geological Survey of India
delisle-joseph-nicolas,"Delisle, Joseph Nicolas",2,1734,1781,117631655,"L'Isle, Joseph Nicolas de",Q431485,0.75,0.75,sicher,1688.0,1768.0,False,Astronom; Geograf; Physiker,Sacri Romani Imperii Academia Caesareo-Leopoldina Naturae Curiosorum
noether-max,"Noether, Max",2,1883,1888,117039411,"Noether, Max",Q77500,1.0,1.0,sicher,1844.0,1921.0,True,Mathematiker,Universität Erlangen
pauli-reinhold,"Pauli, Reinhold",2,1854,1857,11606501X,"Pauli, Reinhold",Q75116,1.0,1.0,sicher,1823.0,1882.0,True,Historiker,
elster-julius,"Elster, Julius",2,1894,1895,118530054,"Elster, Julius",Q75153,0.825,0.825,sicher,1854.0,1920.0,False,Physiker; Pädagoge; Gymnasiallehrer,Kaiserlich Leopoldinisch-Carolinische Deutsche Akademie der Naturforscher
eschricht-daniel-frederik,"Eschricht, Daniel Frederik",2,1837,1837,116569506,"Eschricht, Daniel Friedrich",Q4533433,0.825,0.825,sicher,1798.0,1863.0,False,Arzt; Zoologe; Physiologe; Pädagoge,Kaiserlich Leopoldinisch-Carolinische Deutsche Akademie der Naturforscher
moehsen-johann-karl-wilhelm,"Moehsen, Johann Karl Wilhelm",2,1792,1793,10116033X,"Moehsen, Johann Karl Wilhelm",Q1692838,1.0,1.0,sicher,1722.0,1795.0,True,Arzt; Numismatiker,Kaiserlich Leopoldinisch-Carolinische Deutsche Akademie der Naturforscher
engelmann-theodor-wilhelm,"Engelmann, Theodor Wilhelm",2,1898,1898,118684795,"Engelmann, Wilhelm",Q63326,1.0,1.0,sicher,1843.0,1909.0,True,Physiologe; Biologe; Arzt; Hochschullehrer,Kaiserlich Leopoldinisch-Carolinische Deutsche Akademie der Naturforscher
duval-leroy-nicolas-claude,"Duval-leroy, Nicolas Claude",2,1792,1798,,,,0.0,,kein_treffer,,,,,
merrem-blasius,"Merrem, Blasius",2,1816,1819,116904496,"Merrem, Blasius",Q62862,1.0,1.0,sicher,1761.0,1824.0,True,Mathematiker; Physiker; Zoologe; Biologe,Kaiserlich Leopoldinisch-Carolinische Deutsche Akademie der Naturforscher
moser-james,"Moser, James",2,1877,1878,116938064,"Moser, James",Q1623584,0.825,0.175,sicher,1852.0,1908.0,False,Physiker; Hochschullehrer,Kaiserlich Leopoldinisch-Carolinische Deutsche Akademie der Naturforscher; Universität Wien
lulofs-johan,"Lulofs, Johan",2,1740,1781,121787109,"Lulofs, Johan",Q2037521,1.0,1.0,sicher,1711.0,1768.0,True,Physiker; Astronom,
duane-william,"Duane, William",2,1896,1896,1057658154,"Duane, William",Q1895343,0.65,0.455,unsicher,1872.0,,False,,
friedlander-julius,"Friedländer, Julius",2,1874,1878,116797266,"Friedländer, Julius",Q72722,1.0,0.25,sicher,1813.0,1884.0,True,Numismatiker; Direktor,Münzkabinett Berlin
mazeas-guillaume,"Mazéas, Guillaume",2,1754,1786,117559741,"Mazeas, Guillaume",Q1553901,0.75,0.75,sicher,1712.0,1776.0,False,Physiker,
maupertuis-pierre-louis-moreau,"Maupertuis, Pierre Louis Moreau",2,1756,1756,118731998,"Maupertuis, Pierre Louis Moreau de",Q164374,1.0,1.0,sicher,1698.0,1759.0,True,Mathematiker; Astronom; Physiker; Geograf,Königliche Akademie der Wissenschaften (Berlin)
fitting-hermann,"Fitting, Hermann",2,1891,1894,11869152X,"Fitting, Hermann",Q91237,0.75,0.75,sicher,1831.0,1918.0,False,Jurist; Hochschullehrer,Universität Basel; Martin-Luther-Universität Halle-Wittenberg; Universität Heidelberg
zinn-johann-gottfried,"Zinn, Johann Gottfried",2,1755,1786,117005290,"Zinn, Johann Gottfried",Q73413,1.0,1.0,sicher,1727.0,1759.0,True,Naturwissenschaftler,
ziebarth-erich,"Ziebarth, Erich",2,1897,1898,116986301,"Ziebarth, Erich",Q1353564,0.75,0.75,sicher,1868.0,1944.0,False,Historiker; Klassischer Philologe; Gymnasiallehrer,
frankel-max,"Fränkel, Max",2,1897,1898,116691611,"Fränkel, Max",Q1912535,0.75,0.0,unsicher,1846.0,1903.0,False,Bibliothekar; Klassischer Philologe; Archäologe; Redakteur,Königliche Museen zu Berlin
zobel-de-zangrniz-jacobo,"Zobel De ZANGRαNIZ, Jacobo",2,1863,1881,,,,0.0,,kein_treffer,,,,,
aronhold-siegfried,"Aronhold, Siegfried",2,1861,1864,117663018,"Aronhold, Siegfried",Q90780,0.75,0.75,sicher,1819.0,1884.0,False,Mathematiker,
albrecht-paul,"Albrecht, Paul",2,1885,1886,116283939,"Albrecht, Paul",Q2058671,0.825,0.075,unsicher,1851.0,1894.0,False,Arzt; Anatom; Philologe,Kaiserlich Leopoldinisch-Carolinische Deutsche Akademie der Naturforscher
alembert-jean-le-rond,"Alembert, Jean Le Rond",2,1749,1767,11850178X,"Alembert, Jean Le Rond d'",Q153232,1.0,1.0,sicher,1717.0,1783.0,True,Mathematiker; Philosoph; Physiker; Schriftsteller,
wohler-friedrich,"Wöhler, Friedrich",2,1841,1849,118634488,"Wöhler, Friedrich",Q58575,1.0,1.0,sicher,1800.0,1882.0,True,Chemiker; Lehrer; Publizist,Kaiserlich Leopoldinisch-Carolinische Deutsche Akademie der Naturforscher
abelsdorff-georg,"Abelsdorff, Georg",1,1895,1895,116239719,"Abelsdorff, Georg",Q11699627,0.75,0.75,sicher,1869.0,1933.0,False,Arzt; Augenarzt,
wroblewski-zygmunt-von,"WRóBLEWSKI, Zygmunt von",1,1884,1884,119457512,"Wróblewski, Zygmunt Florenty",Q245402,0.75,0.75,sicher,1845.0,1888.0,False,Physiker,
woltman-reinhard,"Woltman, Reinhard",1,1830,1830,11743504X,"Woltman, Reinhard",Q100282,0.92,0.92,sicher,1757.0,1837.0,True,Ingenieur; Beamter; Direktor; Privatgelehrter,
wolfflin-eduard,"Wölfflin, Eduard",1,1872,1872,117453471,"Wölfflin, Eduard",Q116764,0.75,0.75,sicher,1831.0,1908.0,False,Linguist; Klassischer Philologe; Philologe; Gymnasiallehrer,Universität Erlangen; Ludwig-Maximilians-Universität München; Universität Basel
wolff-julius,"Wolff, Julius",1,1884,1884,117441295,"Wolff, Julius",Q77904,0.825,0.075,unsicher,1836.0,1902.0,False,Chirurg; Arzt,Kaiserlich Leopoldinisch-Carolinische Deutsche Akademie der Naturforscher
wolf-rudolf,"Wolf, Rudolf",1,1852,1852,119160358,"Wolf, Rudolf",Q115675,0.75,0.1,unsicher,1816.0,1893.0,False,Astronom; Mathematiker; Historiker; Hochschullehrer,Eidgenössische Sternwarte (Zürich); Naturforschende Gesellschaft in Zürich; Eidgenössisches Polytechnicum
wojeikow-alexander,"Wojeikow, Alexander",1,1865,1865,1055316310,"Voejkov, Aleksandr Ivanovič",Q1378553,0.75,0.75,sicher,1842.0,1916.0,False,Naturwissenschaftler; Meteorologe; Geograf; Klimatologe,
winckler-hugo,"Winckler, Hugo",1,1888,1888,117399825,"Winckler, Hugo",Q64339,0.75,0.75,sicher,1863.0,1913.0,False,Orientalist; Semitist; Linguist; Archäologe,Friedrich-Wilhelms-Universität Berlin
henfling-konrad,"Henfling, Konrad",1,1710,1710,118549103,"Henfling, Conrad",Q5162533,0.75,0.75,sicher,1648.0,1716.0,False,Musikwissenschaftler,
henning-karl-andreas,"Henning, Karl Andreas",1,1727,1727,144037998,"Hennings, Karl Andreas",,0.65,0.65,unsicher,1693.0,1729.0,False,Gymnasiallehrer,Berlinisches Gymnasium Zum Grauen Kloster
herder-johann-gottfried-von,"Herder, Johann Gottfried von",1,1773,1773,118549553,"Herder, Johann Gottfried von",Q155547,1.0,1.0,sicher,1744.0,1803.0,True,Philosoph; Theologe; Schriftsteller; Generalsuperintendent,
hertel-christian-gottlieb,"Hertel, Christian Gottlieb",1,1727,1727,131807471,"Hertel, Christian Gottlieb",Q55874987,0.75,0.0,unsicher,1683.0,1743.0,False,Mathematiker,
hertzberg-ewald-friedrich,"Hertzberg, Ewald Friedrich",1,1754,1754,116754974,"Hertzberg, Ewald Friedrich von",Q62565,1.0,1.0,sicher,1725.0,1795.0,True,Politiker; Jurist; Minister; Gutsherr,Kaiserlich Leopoldinisch-Carolinische Deutsche Akademie der Naturforscher
heider-karl,"Heider, Karl",1,1886,1886,116605197,"Heider, Karl",Q84996,1.0,1.0,sicher,1856.0,1935.0,True,Zoologe; Arzt; Hochschullehrer; Zoologe,
achard-anton,"Achard, Anton",1,1746,1746,102480311,"Achard, Antoine",Q4775427,0.75,0.75,sicher,1696.0,1772.0,False,Theologe,
achard-franz-carl,"Achard, Franz Carl",1,1779,1779,118643622,"Achard, Franz Carl",Q60193,1.0,1.0,sicher,1753.0,1821.0,True,Chemiker; Physiker; Naturwissenschaftler,Königliche Akademie der Wissenschaften (Berlin); Kaiserlich Leopoldinisch-Carolinische Deutsche Akademie der Naturforscher
wilhelm-adolf-braunschweig-wolfenbuttel-prinz,"Wilhelm Adolf, Braunschweig-Wolfenbüttel, Prinz",1,1766,1766,,,,0.0,,kein_treffer,,,,,
wehmer-karl,"Wehmer, Karl",1,1893,1893,117220736,"Wehmer, Carl",Q1040980,0.825,0.825,sicher,1858.0,1935.0,False,Chemiker; Bakteriologe; Botaniker,Kaiserlich Leopoldinisch-Carolinische Deutsche Akademie der Naturforscher; Technische Hochschule Hannover
weinland-david-friedrich,"Weinland, David Friedrich",1,1854,1854,117269506,"Weinland, David Friedrich",Q100876,0.825,0.825,sicher,1829.0,1915.0,False,Schriftsteller; Zoologe; Naturwissenschaftler,Kaiserlich Leopoldinisch-Carolinische Deutsche Akademie der Naturforscher
weltner-wilhelm,"Weltner, Wilhelm",1,1887,1887,117571903,"Weltner, Wilhelm",Q19851092,0.75,0.75,sicher,1854.0,1917.0,False,Zoologe,Zoologisches Museum (Berlin)
wentzel-georg,"Wentzel, Georg",1,1895,1895,1032150599,"Wentzel, Georg",,0.75,0.0,unsicher,1869.0,,False,Arzt,
wertheim-ignaz,"Wertheim, Ignaz",1,1842,1842,118089048,"Wertheim, Ignaz",Q94692190,0.75,0.75,sicher,1817.0,,False,Chemiker,
werther-gustav,"Werther, Gustav",1,1842,1842,117306843,"Werther, Gustav",Q1556523,0.75,0.75,sicher,1815.0,1869.0,False,Chemiker; Hochschullehrer,Albertus-Universität zu Königsberg i. Pr.
wesendonck-karl,"Wesendonck, Karl",1,1880,1880,11757290X,"Wesendonk, Karl von",Q75327482,0.75,0.75,sicher,1857.0,1934.0,False,Physiker; Kunstsammler,Kaiser-Friedrich-Museum (Posen); The Germania Life Insurance Company
ficker-gerhard,"Ficker, Gerhard",1,1894,1894,116490098,"Ficker, Gerhard",Q20733694,0.75,0.75,sicher,1865.0,1934.0,False,Evangelischer Theologe; Kirchenhistoriker,Christian-Albrechts-Universität zu Kiel. Theologische Fakultät; Martin-Luther-Universität Halle-Wittenberg; Christian-Albrechts-Universität zu Kiel
fischer-nikolaus-wolfgang,"Fischer, Nikolaus Wolfgang",1,1818,1818,11750971X,"Fischer, Nikolaus Wolfgang",Q20810883,0.75,0.75,sicher,1782.0,1850.0,False,Arzt; Chemiker,
flatau-edward,"Flatau, Edward",1,1897,1897,127572627,"Flatau, Eduard",Q1363597,0.75,0.75,sicher,1868.0,1932.0,False,Arzt; Neurologe,
flaugergues-honore,"Flaugergues, Honoré",1,1782,1782,117512583,"Flaugergues, Honoré",Q492736,0.75,0.75,sicher,1755.0,1835.0,False,Astronom,
fleitmann-theodor,"Fleitmann, Theodor",1,1849,1849,116613173,"Fleitmann, Theodor",Q2417583,0.75,0.75,sicher,1828.0,1904.0,False,Unternehmer; Chemiker; Kommerzienrat,Nickel- und Kobaltfabrik Fleitmann & Witte
formey-jean-henri-samuel,"Formey, Jean Henri Samuel",1,1750,1750,119353210,"Formey, Jean Henri Samuel",Q88385,1.0,1.0,sicher,1711.0,1797.0,True,Schriftsteller; Sekretär; Theologe; Historiker,Kaiserlich Leopoldinisch-Carolinische Deutsche Akademie der Naturforscher; Königliche Akademie der Wissenschaften (Berlin)
formey-johann-heinrich-samuel,"Formey, Johann Heinrich Samuel",1,1752,1752,119353210,"Formey, Jean Henri Samuel",Q88385,1.0,1.0,sicher,1711.0,1797.0,True,Schriftsteller; Sekretär; Theologe; Historiker,Kaiserlich Leopoldinisch-Carolinische Deutsche Akademie der Naturforscher; Königliche Akademie der Wissenschaften (Berlin)
forster-johann-reinhold,"Forster, Johann Reinhold",1,1793,1793,118534432,"Forster, Johann Reinhold",Q213570,1.0,1.0,sicher,1729.0,1798.0,True,Naturwissenschaftler; Forschungsreisender; Theologe; Pfarrer,Martin-Luther-Universität Halle-Wittenberg
martius-karl-friedrich-philipp-von,"Martius, Karl Friedrich Philipp von",1,1843,1843,118731416,"Martius, Carl Friedrich Philipp von",Q77131,1.0,1.0,sicher,1794.0,1868.0,True,Arzt; Musikinstrumentenbauer; Geigenbauer; Botaniker,Kaiserlich Leopoldinisch-Carolinische Deutsche Akademie der Naturforscher; Botanischer Garten München
matz-friedrich,"Matz, Friedrich",1,1871,1871,116842148,"Matz, Friedrich",Q1461048,0.75,0.75,sicher,1843.0,1874.0,False,Archäologe; Klassischer Philologe; Hochschullehrer,
maurer-julius,"Maurer, Julius",1,1887,1887,11685572X,"Maurer, Julius",Q55877061,0.75,0.1,unsicher,1857.0,1938.0,False,Meteorologe; Astronom,Schweizerische Meteorologische Zentralanstalt
maurice-frederic-baron,"Maurice, Frédéric Baron",1,1804,1804,1052753523,"Maurice, Frédéric-Guillaume",Q78066128,0.75,0.0,unsicher,1750.0,1826.0,False,Rechtsanwalt; Politiker; Meteorologe; Agrarwissenschaftler,
mayer-andreas,"Mayer, Andreas",1,1777,1777,100306896,"Mayer, Andreas",Q499487,1.0,0.25,sicher,1716.0,1782.0,True,Mathematiker; Physiker; Architekt; Astronom,Academia Gryphiswaldensis
meissel-ernst,"Meissel, Ernst",1,1889,1889,116864079,"Meissel, Ernst",Q97561,0.65,0.65,unsicher,1826.0,1895.0,False,,
melanderhjelm-daniel,"Melanderhjelm, Daniel",1,1804,1804,116872470,"Melanderhielm, Daniel",Q5983613,0.67,0.67,unsicher,1726.0,1810.0,False,Astronom,Uppsala universitet
fournier-theodor,"Fournier, Theodor",1,1863,1863,116677821,"Fournier, Theodor",,0.55,0.55,unsicher,,,False,Lehrer,
moritz-bernhard,"Moritz, Bernhard",1,1890,1890,116929251,"Moritz, Bernhard",Q106300,0.65,0.65,unsicher,1859.0,1939.0,False,Orientalist; Arabist,
morsch-hermann,"Morsch, Hermann",1,1851,1851,1398707910,"Morsch, Julius Hermann",,0.65,0.1,unsicher,1809.0,1869.0,False,,
muller-david-heinrich,"Müller, David Heinrich",1,1886,1886,11757547X,"Müller, David Heinrich von",Q85934,0.75,0.75,sicher,1846.0,1912.0,False,Semitist; Orientalist; Theologe,Universität Wien
muller-erzbach-wilhelm,"Müller-erzbach, Wilhelm",1,1885,1885,117168017,"Müller-Erzbach, Wilhelm",Q2574297,0.75,0.75,sicher,1839.0,1914.0,False,Chemiker; Lehrer; Physiker,
muller-friedrich-christoph,"Müller, Friedrich Christoph",1,1793,1793,121786951,"Müller, Friedrich Christoph",Q97964,1.0,1.0,sicher,1751.0,1808.0,True,Kartograf; Theologe; Astronom; Pfarrer,
muller-gustav-wilhelm,"Müller, Gustav Wilhelm",1,1893,1893,1038106117,"Müller, G. W.",Q15298669,0.75,0.75,sicher,1857.0,1940.0,False,Zoologe,Zoologisches Institut und Museum (Greifswald)
muller-max,"Müller, Max",1,1854,1854,118737449,"Müller, Friedrich Max",Q60074,1.0,0.25,sicher,1823.0,1900.0,True,Orientalist; Indogermanist; Linguist; Indologe,
mendel-emanuel,"Mendel, Emanuel",1,1884,1884,119269112,"Mendel, Emanuel",Q67590,0.75,0.75,sicher,1839.0,1907.0,False,Psychiater; Neurologe,Friedrich-Wilhelms-Universität Berlin
mertens-franz,"Mertens, Franz",1,1896,1896,117567825,"Mertens, Franz Karl Joseph",Q111999,1.0,0.775,sicher,1840.0,1927.0,True,Mathematiker; Hochschullehrer,
messier-charles,"Messier, Charles",1,1779,1779,118733133,"Messier, Charles",Q14524,1.0,1.0,sicher,1730.0,1817.0,True,Astronom,
meyer-lothar,"Meyer, Lothar",1,1891,1891,118733419,"Meyer, Lothar",Q77073,1.0,0.25,sicher,1830.0,1895.0,True,Chemiker; Arzt; Hochschullehrer,Großherzogliche Badische Polytechnische Schule Karlsruhe; Eberhard Karls Universität Tübingen
meyer-wilhelm,"Meyer, Wilhelm",1,1890,1890,117556696,"Meyer, Wilhelm Franz",Q126389,0.825,0.075,unsicher,1856.0,1934.0,False,Mathematiker,Kaiserlich Leopoldinisch-Carolinische Deutsche Akademie der Naturforscher
michelsen-johann-andreas-christian,"Michelsen, Johann Andreas Christian",1,1799,1799,117571016,"Michelsen, Johann Andreas Christian",Q55125786,0.75,0.75,sicher,1749.0,1797.0,False,Mathematiker,Berlinisch-Köllnisches Gymnasium zum Grauen Kloster
milly-nicolas-christiern-de-thy-comte-de,"Milly, Nicolas Christiern de Thy Comte de",1,1779,1779,108448118,"Milly, Nicolas Christiern de Thy de",Q3339948,0.75,0.75,sicher,1728.0,1784.0,False,Chemiker,
minkowski-hermann,"Minkowski, Hermann",1,1888,1888,118734091,"Minkowski, Hermann",Q57246,0.75,0.75,sicher,1864.0,1909.0,False,Mathematiker; Physiker,Georg-August-Universität Göttingen
feussner-wilhelm,"Feussner, Wilhelm",1,1865,1865,116484705,"Feussner, Wilhelm",Q124306,0.825,0.825,sicher,1843.0,1928.0,False,Physiker,Kaiserlich Leopoldinisch-Carolinische Deutsche Akademie der Naturforscher
frenzel-august,"Frenzel, August",1,1874,1874,11677102X,"Frenzel, August",Q1458188,0.825,0.825,sicher,1842.0,1902.0,False,Mineraloge; Chemiker,Königlich Sächsische Bergakademie zu Freiberg
frenzel-johannes,"Frenzel, Johannes",1,1883,1883,1055413782,"Frenzel, Johannes",Q25455083,0.65,0.0,unsicher,1858.0,1897.0,False,,
freudenthal-jakob,"Freudenthal, Jakob",1,1885,1885,101568355,"Freudenthal, Jakob",Q110634,0.75,0.75,sicher,1839.0,1907.0,False,Philosoph; Klassischer Philologe,Universität Breslau
frey-karl,"Frey, Karl",1,1883,1883,1012264459,"Frey, Karl",Q139225905,0.75,0.0,unsicher,1818.0,1895.0,False,Politiker,
frick-otto,"Frick, Otto",1,1856,1856,116788801,"Frick, Otto",Q21545271,0.75,0.75,sicher,1832.0,1892.0,False,Klassischer Philologe; Direktor; Lehrer,Franckesche Stiftungen
friedheim-karl,"Friedheim, Karl",1,1888,1888,116796189,"Friedheim, Carl",Q1037924,0.75,0.555,sicher,1858.0,1909.0,False,Chemiker,
friedrich-august-prinz-von-braunschweig-nachmals-herzog-von-braunschweig-oels,"Friedrich August Prinz von Braunschweig, nachmals Herzog von Braunschweig-Oels",1,1766,1766,,,,0.0,,kein_treffer,,,,,
ferber-johann-jakob,"Ferber, Johann Jakob",1,1796,1796,,"Ferber, Johann Jacob",Q3808869,0.247,0.247,kein_treffer,1743.0,1790.0,False,Physiker; Mineraloge,Kaiserlich Leopoldinisch-Carolinische Deutsche Akademie der Naturforscher; Academia Petrina (Mitau)
luhe-max,"Lühe, Max",1,1898,1898,117296600,"Lühe, Max",Q59766651,0.75,0.75,sicher,1870.0,,False,Zoologe; Hochschullehrer; Arzt,
lummer-otto,"Lummer, Otto",1,1894,1894,117667498,"Lummer, Otto",Q66885,0.75,0.75,sicher,1860.0,1925.0,False,Physiker,
luther-eduard,"Luther, Eduard",1,1852,1852,117667609,"Luther, Eduard",Q1289212,0.75,0.75,sicher,1816.0,1887.0,False,Astronom,
lyons-henry-george,"Lyons, Henry George",1,1896,1896,119469316,"Lyons, Henry G.",Q5721904,0.75,0.75,sicher,1864.0,1944.0,False,Geograf; Geologe,
maas-otto,"Maas, Otto",1,1891,1891,11661935X,"Maas, Otto",Q21388670,0.825,0.825,sicher,1867.0,1916.0,False,Zoologe,Kaiserlich Leopoldinisch-Carolinische Deutsche Akademie der Naturforscher
molien-theodor,"Molien, Theodor",1,1897,1897,117119938,"Molien, Theodor",Q73461,0.75,0.75,sicher,1861.0,1941.0,False,Dozent; Mathematiker; Astronom,
monnich-bernhard-friedrich,"Mönnich, Bernhard Friedrich",1,1796,1796,1015704735,"Mönnich, Bernhard Friedrich",Q825039,1.0,1.0,sicher,1741.0,1800.0,True,Physiker; Hochschullehrer; Mathematiker; Selbstverleger,
moricke-wilhelm,"Möricke, Wilhelm",1,1896,1896,,"Möricke, Wilhelm",Q55845064,0.225,0.0,kein_treffer,1891.0,1897.0,False,Paläontologe; Geologe,
dove-alfred,"Dove, Alfred",1,1870,1870,119555883,"Dove, Alfred",Q75155,0.75,0.75,sicher,1844.0,1916.0,False,Historiker; Publizist; Hochschullehrer,Albert-Ludwigs-Universität Freiburg; Monumenta Germaniae Historica; Rheinische Friedrich-Wilhelms-Universität Bonn
du-bois-reymond-paul,"Du Bois-reymond, Paul",1,1886,1886,1012183734,"Du Bois-Reymond, Paul",Q77503,0.825,0.825,sicher,1831.0,1889.0,False,Mathematiker,Kaiserlich Leopoldinisch-Carolinische Deutsche Akademie der Naturforscher; Eberhard Karls Universität Tübingen
curtius-karl,"Curtius, Karl",1,1876,1876,116766859,"Curtius, Carl",Q15446196,0.75,0.0,unsicher,1841.0,1921.0,False,Bibliothekar; Gymnasiallehrer; Oberlehrer; Klassischer Philologe,
dubois-jean-baptiste,"Dubois, Jean Baptiste",1,1780,1780,100114237,"Dubois de Jancigny, Jean-Baptiste",Q3164039,1.0,0.35,sicher,1753.0,1808.0,True,Jurist; Schriftsteller; Journalist; Publizist,
ebbinghaus-hermann,"Ebbinghaus, Hermann",1,1887,1887,118825003,"Ebbinghaus, Hermann",Q57332,0.75,0.75,sicher,1850.0,1909.0,False,Psychologe; Philosoph; Hochschullehrer,
naude-philipp-der-altere,"Naudé, Philipp der ältere",1,1727,1727,138677123,"Naudé, Philipp",Q3380444,1.0,0.08,unsicher,1684.0,1745.0,True,Mathematiker,
neesen-friedrich,"Neesen, Friedrich",1,1874,1874,11690562X,"Neesen, Friedrich",Q84417863,0.75,0.75,sicher,1849.0,1923.0,False,Physiker,
nernst-walther,"Nernst, Walther",1,1889,1889,11858698X,"Nernst, Walther",Q57125,1.0,0.43,sicher,1864.0,1941.0,True,Physiker; Chemiker,Karl-Franzens-Universität Graz; Kaiserlich Leopoldinisch-Carolinische Deutsche Akademie der Naturforscher; Friedrich-Wilhelms-Universität Berlin
newton-charles,"Newton, Charles",1,1859,1859,119138026,"Newton, Charles Thomas",Q1985476,1.0,1.0,sicher,1816.0,1894.0,True,Archäologe,
nichols-ernest-fox,"Nichols, Ernest Fox",1,1896,1896,1055470360,"Nichols, Ernest Fox",,0.65,0.65,unsicher,1869.0,1924.0,False,,
nissen-heinrich,"Nissen, Heinrich",1,1865,1865,117022829,"Nissen, Heinrich",Q75757,1.0,1.0,sicher,1839.0,1912.0,True,Althistoriker; Altertumswissenschaftler; Philologe; Archäologe,Rheinische Friedrich-Wilhelms-Universität Bonn
erdmann-eduard-otto,"Erdmann, Eduard Otto",1,1866,1866,117511595,"Erdmann, Eduard Otto",Q95007496,0.75,0.75,sicher,1829.0,,False,Chemiker,
erdmann-oskar,"Erdmann, Oskar",1,1880,1880,116531045,"Erdmann, Oskar",Q2033637,0.65,0.65,unsicher,1846.0,1895.0,False,Germanist; Lehrer,Universität Breslau; Königliches König-Wilhelms-Gymnasium; Christian-Albrechts-Universität zu Kiel
esselbach-ernst,"Esselbach, Ernst",1,1855,1855,135914124,"Esselbach, Ernst",Q1357990,0.75,0.75,sicher,1832.0,1864.0,False,Physiker,
exner-sigmund,"Exner, Sigmund",1,1877,1877,116319542,"Exner, Sigmund",Q84548,0.825,0.825,sicher,1846.0,1926.0,False,Arzt; Physiologe,Universität Wien; Kaiserlich Leopoldinisch-Carolinische Deutsche Akademie der Naturforscher
fabricius-ernst,"Fabricius, Ernst",1,1894,1894,116369957,"Fabricius, Ernst",Q91901,1.0,1.0,sicher,1857.0,1942.0,True,Historiker; Archäologe,Deutsches Reich. Reichs-Limeskommission; Archäologisches Institut des Deutschen Reiches. Abteilung Rom
mariette-auguste,"Mariette, Auguste",1,1860,1860,118731017,"Mariette, Auguste",Q311850,0.75,0.75,sicher,1821.0,1881.0,False,Ägyptologe; Altertumswissenschaftler; Archäologe; Museumsdirektor,Ägypten. Maṣlaḥat al-Āṯār; Musée (al-Qāhira-Būlāq)
marshall-william,"Marshall, William",1,1884,1884,116792965,"Marshall, William",Q16623277,0.825,0.075,unsicher,1845.0,1907.0,False,Biologe; Zoologe; Übersetzer,Kaiserlich Leopoldinisch-Carolinische Deutsche Akademie der Naturforscher
liebig-georg-freiherr-von,"Liebig, Georg Freiherr von",1,1850,1850,116996889,"Liebig, Georg von",Q1506624,0.75,0.0,unsicher,1827.0,1903.0,False,Arzt,
linck-gottlob,"Linck, Gottlob",1,1893,1893,117007889,"Linck, Gottlob Eduard",Q1539945,0.825,0.825,sicher,1858.0,1947.0,False,Mineraloge; Geologe; Hochschullehrer,Friedrich-Schiller-Universität Jena; Kaiser-Wilhelms-Universität Straßburg; Kaiserlich Leopoldinisch-Carolinische Deutsche Akademie der Naturforscher
lindemann-ferdinand,"Lindemann, Ferdinand",1,1882,1882,122995643,"Lindemann, Ferdinand",Q77203,0.825,0.155,sicher,1852.0,1939.0,False,Mathematiker; Autor,Kaiserlich Leopoldinisch-Carolinische Deutsche Akademie der Naturforscher
lindenau-bernhard-freiherr-von,"Lindenau, Bernhard Freiherr von",1,1843,1843,118780042,"Lindenau, Bernhard August von",Q73063,1.0,1.0,sicher,1779.0,1854.0,True,Jurist; Politiker; Abgeordneter; Astronom,
loew-hermann,"Loew, Hermann",1,1852,1852,117162558,"Loew, Hermann",Q77704,0.75,0.75,sicher,1807.0,1879.0,False,Entomologe; Lehrer,
lohmann-friedrich,"Lohmann, Friedrich",1,1898,1898,132748851,"Lohmann, Friedrich Wilhelm",Q133485799,0.75,0.0,unsicher,1875.0,1952.0,False,Historiker; Pfarrer; Archivar; Katholischer Theologe,
lohmann-hans,"Lohmann, Hans",1,1899,1899,117694886,"Lohmann, Hans",Q1581094,1.0,0.25,sicher,1863.0,1934.0,True,Zoologe,Naturhistorisches Museum (Hamburg); Kaiserlich Leopoldinisch-Carolinische Deutsche Akademie der Naturforscher; Universität Hamburg
lorentz-paul-gunther,"Lorentz, Paul Günther",1,1868,1868,117214930,"Lorentz, Paul Günther",Q76111,0.75,0.75,sicher,1835.0,1881.0,False,Forschungsreisender; Botaniker,
lossen-wilhelm,"Lossen, Wilhelm",1,1865,1865,117221260,"Lossen, Wilhelm",Q2573981,0.825,0.825,sicher,1838.0,1906.0,False,Chemiker; Hochschullehrer,Kaiserlich Leopoldinisch-Carolinische Deutsche Akademie der Naturforscher; Universität Heidelberg; Königliche Albertus-Universität zu Königsberg i. Pr.
lucchesini-girolamo-marchese,"Lucchesini, Girolamo Marchese",1,1792,1792,118780670,"Lucchesini, Girolamo",Q216115,1.0,1.0,sicher,1751.0,1825.0,True,Politiker; Diplomat,Kaiserlich Leopoldinisch-Carolinische Deutsche Akademie der Naturforscher
leontiew-paul,"Leontiew, Paul",1,1854,1854,,,,0.0,,kein_treffer,,,,,
munch-peter-andreas,"Munch, Peter Andreas",1,1848,1848,100533817,"Munch, Peter A.",Q561632,1.0,1.0,sicher,1810.0,1868.0,True,Historiker; Philologe; Geograf,
donitz-wilhelm,"Dönitz, Wilhelm",1,1867,1867,105046057X,"Dönitz, Wilhelm",Q5503850,0.75,0.75,sicher,1838.0,1912.0,False,Zoologe; Entomologe; Arzt; Bakteriologe,
dorn-ernst,"Dorn, Ernst",1,1888,1888,117651478,"Dorn, Ernst",Q65191,0.825,0.155,sicher,1848.0,1916.0,False,Physiker,Kaiserlich Leopoldinisch-Carolinische Deutsche Akademie der Naturforscher
poggendorff-johann-c,"Poggendorff, Johann C.",1,1841,1841,116250836,"Poggendorff, Johann C.",Q61197,1.0,1.0,sicher,1796.0,1877.0,True,Physiker; Apotheker; Wissenschaftshistoriker,
pomtow-hans,"Pomtow, Hans",1,1887,1887,116265590,"Pomtow, Hans",Q1581821,0.75,0.75,sicher,1859.0,1925.0,False,Klassischer Philologe; Archäologe,
papadopulos-kerameus-a,"Papadopulos - Kerameus, A",1,1876,1876,116030178,"Papadopulos-Kerameus, Athanasios",Q4344608,0.75,0.75,sicher,1856.0,1912.0,False,Byzantinist; Priester; Philologe,
dames-w,"Dames, W.",1,1892,1892,116020032,"Dames, W.",Q85267,1.0,1.0,sicher,1843.0,1898.0,True,Paläontologe; Geologe,Friedrich-Wilhelms-Universität Berlin
dangicourt-pierre,"Dangicourt, Pierre",1,1710,1710,,,,0.0,,kein_treffer,,,,,
de-la-rue-warren,"De La Rue, Warren",1,1876,1876,116057688,"De la Rue, Warren",Q472095,0.75,0.75,sicher,1815.0,1889.0,False,Naturwissenschaftler; Astronom; Chemiker,
deichsel-theodor,"Deichsel, Theodor",1,1864,1864,,,,0.0,,kein_treffer,,,,,
delaval-edward-hussey,"Delaval, Edward Hussey",1,1776,1776,128846720,"Delaval, Edward Hussey",Q471703,0.75,0.75,sicher,1729.0,1814.0,False,Chemiker,
delisle-leopold,"Delisle, Leopold",1,1867,1867,119240823,"Delisle, Léopold",Q481453,0.75,0.75,sicher,1826.0,1910.0,False,Bibliothekar; Historiker; Paläograf,Bibliothèque Nationale (Paris)
dessau-hermann,"Dessau, Hermann",1,1883,1883,116084529,"Dessau, Hermann",Q65239,0.75,0.75,sicher,1856.0,1931.0,False,Historiker; Klassischer Philologe,
partsch-josef,"Partsch, Josef",1,1886,1886,116048786,"Partsch, Joseph",Q71643,1.0,1.0,sicher,1851.0,1925.0,True,Geograf; Kartograf; Historiker,Universität Breslau; Universität Leipzig
peiser-felix-e,"Peiser, Felix E.",1,1889,1889,116074086,"Peiser, Felix E.",Q1403449,0.75,0.75,sicher,1862.0,1921.0,False,Archäologe,
petriciolo,Petriciolo,1,1800,1800,,,,0.0,,kein_treffer,,,,,
pfaff-johann-friedrich,"Pfaff, Johann Friedrich",1,1818,1818,116140348,"Pfaff, Johann Friedrich",Q77361,1.0,1.0,sicher,1765.0,1825.0,True,Mathematiker; Hochschullehrer; Mathematiker,Academia Julia
pfeffer-georg,"Pfeffer, Georg",1,1879,1879,116162309,"Pfeffer, Georg",Q87368,0.75,0.75,sicher,1854.0,1931.0,False,Zoologe,Naturhistorisches Museum (Hamburg)
nussbaum-moritz,"Nussbaum, Moritz",1,1887,1887,117072001,"Nussbaum, Moritz",Q28125696,0.825,0.825,sicher,1850.0,1915.0,False,Hochschullehrer; Arzt; Anatom; Biologe,Kaiserlich Leopoldinisch-Carolinische Deutsche Akademie der Naturforscher; Universität Bonn. Medizinische Fakultät
lesage-george-louis,"Lesage, George Louis",1,1784,1784,116948078,"Le Sage, George-Louis",Q116201,0.75,0.75,sicher,1724.0,1803.0,False,Mathematiker,
leszczyc-suminski-hieronymus-graf,"Leszczyc-suminski, Hieronymus Graf",1,1848,1848,102640122,"Leszczyc-Suminski, Jerome",Q5593947,0.75,0.75,sicher,1820.0,1898.0,False,Biologe; Botaniker,
leuckart-rudolf,"Leuckart, Rudolf",1,1854,1854,118572180,"Leuckart, Rudolf",Q55064784,1.0,1.0,sicher,1822.0,1898.0,True,Biologe; Zoologe,Universität Leipzig; Kaiserlich Leopoldinisch-Carolinische Deutsche Akademie der Naturforscher; Justus-Liebig-Universität Gießen
leumann-ernst,"Leumann, Ernst",1,1892,1892,119163918,"Leumann, Ernst",Q28030266,0.75,0.75,sicher,1859.0,1931.0,False,Philologe; Orientalist; Indologe,
lewin-louis,"Lewin, Louis",1,1878,1878,11857244X,"Lewin, Louis",Q72572,0.75,0.525,sicher,1850.0,1929.0,False,Pharmakologe; Arzt,
leyden-ernst-von,"Leyden, Ernst von",1,1896,1896,116978775,"Leyden, Ernst von",Q74655,0.825,0.825,sicher,1832.0,1910.0,False,Arzt; Therapeut,Kaiserlich Leopoldinisch-Carolinische Deutsche Akademie der Naturforscher
landauer-samuel,"Landauer, Samuel",1,1884,1884,116671920,"Landauer, Samuel",Q7411966,0.65,0.65,unsicher,1846.0,1937.0,False,Orientalist,
fulleborn-friedrich,"Fülleborn, Friedrich",1,1894,1894,116845694,"Fülleborn, Friedrich",Q107557,0.825,0.825,sicher,1866.0,1933.0,False,Arzt,Kaiserlich Leopoldinisch-Carolinische Deutsche Akademie der Naturforscher; Institut für Schiffs- und Tropenkrankheiten
furtwanglfr-adolf,"Furtwänglfr, Adolf",1,1880,1880,,,,0.0,,kein_treffer,,,,,
fuss-nikolaus-von,"Fuss, Nikolaus von",1,1779,1779,116878894,"Fuss, Nikolaj I.",Q115664,1.0,1.0,sicher,1755.0,1825.0,True,Mathematiker; Astronom; Staatsrat,Imperatorskaja akademija nauk
futterer-karl,"Futterer, Karl",1,1893,1893,116879211,"Futterer, Karl",Q5863085,0.75,0.1,unsicher,1866.0,1906.0,False,Geologe; Mineraloge; Hochschullehrer; Forschungsreisender,Museum für Naturkunde Berlin; Technische Hochschule Karlsruhe; Friedrich-Wilhelms-Universität Berlin
pfluger-eduard,"Pflüger, Eduard",1,1858,1858,116168080,"Pflüger, Eduard Friedrich Wilhelm",Q68004,1.0,1.0,sicher,1829.0,1910.0,True,Physiologe,
pfluger-eduard-friedrich-wilhelm,"Pflüger, Eduard Friedrich Wilhelm",1,1855,1855,116168080,"Pflüger, Eduard Friedrich Wilhelm",Q68004,1.0,1.0,sicher,1829.0,1910.0,True,Physiologe,
philipp-julius,"Philipp, Julius",1,1867,1867,,,,0.0,,kein_treffer,,,,,
pischel-richard,"Pischel, Richard",1,1875,1875,11619202X,"Pischel, Richard",Q85315,1.0,1.0,sicher,1849.0,1908.0,True,Indologe,Christian-Albrechts-Universität zu Kiel. Philosophische Fakultät; Christian-Albrechts-Universität zu Kiel
plate-ludwig,"Plate, Ludwig",1,1898,1898,117683574,"Plate, Ludwig",Q88702,0.825,0.155,sicher,1862.0,1937.0,False,Zoologe,Friedrich-Wilhelms-Universität Berlin; Kaiserlich Leopoldinisch-Carolinische Deutsche Akademie der Naturforscher
reichenow-anton,"Reichenow, Anton",1,1877,1877,11639885X,"Reichenow, Anton",Q62349,0.75,0.75,sicher,1847.0,1941.0,False,Ornithologe; Afrikanist,Zoologisches Museum (Berlin)
reinke-friedrich,"Reinke, Friedrich",1,1895,1895,116427930,"Reinke, Friedrich",Q5503760,0.75,0.579,sicher,1862.0,1919.0,False,Arzt,Universität Rostock
reisner-george-andrew,"Reisner, George Andrew",1,1896,1896,11643015X,"Reisner, George Andrew",Q502932,0.75,0.75,sicher,1867.0,1942.0,False,Ägyptologe,
reye-theodor,"Reye, Theodor",1,1889,1889,116457872,"Reye, Theodor",Q110059,0.75,0.75,sicher,1838.0,1919.0,False,Mathematiker,
ribbach-johann-ernst,"Ribbach, Johann Ernst",1,1793,1793,1012023907,"Ribbach, Johann Ernst",Q94857788,0.65,0.65,unsicher,1729.0,1795.0,False,Pfarrer,
pribram-richard,"Pribram, Richard",1,1887,1887,117697117,"Pribram, Richard",Q89072,0.75,0.75,sicher,1847.0,1928.0,False,Chemiker,
pringsheim-ernst,"Pringsheim, Ernst",1,1895,1895,117696021,"Pringsheim, Ernst",Q71047,0.75,0.503,sicher,1859.0,1917.0,False,Mathematiker; Physiker,
quintus-icilius-karl-gottlieb-guichard-genannt-von,"Quintus Icilius, Karl Gottlieb Guichard genannt von",1,1772,1772,,,,0.0,,kein_treffer,,,,,
rangabe-alexandros-rizos,"Rangabé, Alexandros Rizos",1,1852,1852,119153262,"Rankabēs, Alexandros Rizos",Q1389266,0.75,0.577,sicher,1810.0,1892.0,False,Politiker; Diplomat; Schriftsteller; Gelehrter,
pfeffer-wilhelm,"Pfeffer, Wilhelm",1,1873,1873,118740733,"Pfeffer, Wilhelm",Q62767,1.0,1.0,sicher,1845.0,1920.0,True,Botaniker; Biologe; Pflanzenphysiologe,Rheinische Friedrich-Wilhelms-Universität Bonn; Eberhard Karls Universität Tübingen; Kaiserlich Leopoldinisch-Carolinische Deutsche Akademie der Naturforscher
cohn-ferdinand,"Cohn, Ferdinand",1,1855,1855,116629207,"Cohn, Ferdinand",Q76774,1.0,1.0,sicher,1828.0,1898.0,True,Arzt; Botaniker; Mikrobiologe; Bakteriologe,Kaiserlich Leopoldinisch-Carolinische Deutsche Akademie der Naturforscher; Universität Breslau
cohn-leopold,"Cohn, Leopold",1,1891,1891,128190043,"Cohn, Leopold",Q107510,0.75,0.1,unsicher,1856.0,1915.0,False,Klassischer Philologe; Bibliothekar,
cohnstein-wilhelm,"Cohnstein, Wilhelm",1,1896,1896,,"Cohnstein, Wilhelm Berkan",,0.195,0.195,kein_treffer,1799.0,,False,,
cuper-gisbert,"Cuper, Gisbert",1,1723,1723,,"Cuper, Gisbert",Q2161357,0.201,0.201,kein_treffer,1644.0,1716.0,False,Altertumswissenschaftler; Historiker; Politiker,
pfitzer-ernst,"Pfitzer, Ernst",1,1872,1872,116167157,"Pfitzer, Ernst Hugo Heinrich",Q65762,1.0,0.35,sicher,1846.0,1906.0,True,Botaniker; Hochschullehrer,Universität Heidelberg; Kaiserlich Leopoldinisch-Carolinische Deutsche Akademie der Naturforscher
lepsius-georg-richard,"Lepsius, Georg Richard",1,1887,1887,118727702,"Lepsius, Richard",Q5947282,0.825,0.825,sicher,1851.0,1915.0,False,Geologe; Mineraloge,Großherzogliches Museum (Darmstadt); Kaiserlich Leopoldinisch-Carolinische Deutsche Akademie der Naturforscher; Großherzoglich Hessische Polytechnische Schule zu Darmstadt
cheesman-louis-m,"Cheesman, Louis M",1,1882,1882,,,,0.0,,kein_treffer,,,,,
gad-johannes,"Gad, Johannes",1,1893,1893,117670979,"Gad, Johannes",Q96633,0.825,0.825,sicher,1842.0,1926.0,False,Physiologe,Kaiserlich Leopoldinisch-Carolinische Deutsche Akademie der Naturforscher
gallandat-david-heinrich,"Gallandat, David Heinrich",1,1775,1775,,,,0.0,,kein_treffer,,,,,
garve-christian,"Garve, Christian",1,1793,1793,118537636,"Garve, Christian",Q214004,1.0,1.0,sicher,1742.0,1798.0,True,Philosoph; Mathematiker; Hochschullehrer; Schriftsteller,
gelzer-heinrich,"Gelzer, Heinrich",1,1872,1872,104123966,"Gelzer, Heinrich",Q124494,0.75,0.0,unsicher,1847.0,1906.0,False,Klassischer Philologe; Historiker; Byzantinist; Hochschullehrer,
langberg-christian,"Langberg, Christian",1,1845,1845,,"Langberg, Christian Bjelland",,0.195,0.029,kein_treffer,1916.0,,False,,
le-monnier-pierre-charles,"Le Monnier, Pierre Charles",1,1753,1753,117636169,"Le Monnier, Pierre-Charles",Q563553,1.0,1.0,sicher,1715.0,1799.0,True,Astronom,
le-verrier-urbain-jean-joseph,"Le Verrier, Urbain Jean Joseph",1,1847,1847,104165057,"Le Verrier, Urbain Jean Joseph",Q104154,1.0,1.0,sicher,1811.0,1877.0,True,Astronom,Kaiserlich Leopoldinisch-Carolinische Deutsche Akademie der Naturforscher
lehmann-max,"Lehmann, Max",1,1887,1887,118779257,"Lehmann, Max",Q84518,1.0,0.25,sicher,1845.0,1929.0,True,Historiker; Archivar; Hochschullehrer,Philipps-Universität Marburg; Georg-August-Universität Göttingen; Universität Leipzig
chuno-johann-jakob,"Chuno, Johann Jakob",1,1710,1710,1059323133,"Chuno, Johann Jakob",Q1694858,0.9,0.9,sicher,1661.0,1715.0,True,Ratsherr; Archivar,
chwolson-orest,"Chwolson, Orest",1,1878,1878,101683855,"Chvol'son, Orest D.",Q1397496,0.75,0.75,sicher,1852.0,1934.0,False,Physiker,
clairaut-alexis,"Clairaut, Alexis",1,1734,1734,11852092X,"Clairaut, Alexis Claude",Q28937,1.0,1.0,sicher,1713.0,1765.0,True,Mathematiker; Geodät,
burg-otto,"Burg, Otto",1,1864,1864,1061779882,"Burg, Otto",Q95865479,0.55,0.0,unsicher,,,False,Regisseur,
raynal-guillaume-thomas,"Raynal, Guillaume Thomas",1,1753,1753,118969420,"Raynal, Guillaume Thomas François",Q727782,1.0,1.0,sicher,1713.0,1796.0,True,Historiker; Philosoph; Publizist; Priester,Jesuiten
reess-max,"Reess, Max",1,1871,1871,116390174,"Reess, Max",Q1412370,0.825,0.825,sicher,1845.0,1901.0,False,Botaniker; Biologe,Kaiserlich Leopoldinisch-Carolinische Deutsche Akademie der Naturforscher
reiche-karl,"Reiche, Karl",1,1895,1895,116397845,"Reiche, Karl",Q77134,0.75,0.0,unsicher,1860.0,1929.0,False,Botaniker; Reisender,
kurdwanowski-von,"Kurdwanowski, von",1,1757,1757,1076045553,"Kurdwanowski, Jan Stefan Ligenza",Q3161758,0.74,0.74,sicher,1680.0,1780.0,True,Physiker; Arzt,
la-caille-nicolas-louis-de,"La Caille, Nicolas Louis de",1,1756,1756,119174596,"La Caille, Nicolas Louis de",Q202703,1.0,1.0,sicher,1713.0,1762.0,True,Astronom; Mathematiker; Geodät,
la-condamine-charles-marie-de,"La Condamine, Charles Marie de",1,1748,1748,118778390,"La Condamine, Charles-Marie de",Q26681,1.0,1.0,sicher,1701.0,1774.0,True,Mathematiker; Forschungsreisender; Physiker; Astronom,
lamansky-sergei,"Lamansky, Sergei",1,1871,1871,117574147,"Lamansky, Sergei J...",,0.65,0.65,unsicher,,,False,Physiker,
krause-hermann,"Krause, Hermann",1,1883,1883,116399295,"Krause, Hermann",Q1288180,0.75,0.0,unsicher,1848.0,,False,Arzt,
gerland-ernst,"Gerland, Ernst",1,1882,1882,117536873,"Gerland, Ernst",Q15430682,0.825,0.6,sicher,1838.0,1910.0,False,Physiker; Historiker; Hochschullehrer,Kaiserlich Leopoldinisch-Carolinische Deutsche Akademie der Naturforscher
gerstaecker-adolf,"Gerstaecker, Adolf",1,1861,1861,104183640,"Gerstäcker, Karl Eduard Adolph",Q66793,0.75,0.75,sicher,1828.0,1895.0,False,Zoologe; Entomologe,
richthofen-ferdinand-freiherr-von,"Richthofen, Ferdinand Freiherr von",1,1899,1899,118745085,"Richthofen, Ferdinand von",Q76791,1.0,1.0,sicher,1833.0,1905.0,True,Kartograf; Geograf; Geologe; Mineraloge,Rheinische Friedrich-Wilhelms-Universität Bonn; Universität Leipzig; Kaiserlich Leopoldinisch-Carolinische Deutsche Akademie der Naturforscher
riemann-bernhard,"Riemann, Bernhard",1,1859,1859,118600869,"Riemann, Bernhard",Q42299,1.0,1.0,sicher,1826.0,1866.0,True,Mathematiker,
rimbach-eberhard,"Rimbach, Eberhard",1,1892,1892,116548169,"Rimbach, Eberhard",Q19278747,0.75,0.75,sicher,1852.0,1933.0,False,Chemiker,
ritter-heinrich,"Ritter, Heinrich",1,1833,1833,116571721,"Ritter, Heinrich",Q113928,1.0,0.35,sicher,1791.0,1869.0,True,Philosoph; Theologe,Christian-Albrechts-Universität zu Kiel. Philosophische Fakultät; Georg-August-Universität Göttingen
robert-francois,"Robert, François",1,1793,1793,116575883,"Robert, François",Q22269301,0.75,0.0,unsicher,1737.0,1819.0,False,Mathematiker; Geograf,
rawitz-bernhard,"Rawitz, Bernhard",1,1888,1888,11636761X,"Rawitz, Bernhard",Q4894220,0.75,0.75,sicher,1857.0,1932.0,False,Arzt; Zoologe,
cavedoni-celestino,"Cavedoni, Celestino",1,1846,1846,116478209,"Cavedoni, Celestino",Q440380,1.0,1.0,sicher,1795.0,1865.0,True,Numismatiker,
cayley-arthur,"Cayley, Arthur",1,1878,1878,116479531,"Cayley, Arthur",Q159430,1.0,1.0,sicher,1821.0,1895.0,True,Mathematiker,
chamisso-adelbert,"Chamisso, Adelbert",1,1839,1839,118520040,"Chamisso, Adelbert von",Q154782,1.0,1.0,sicher,1781.0,1838.0,True,Schriftsteller; Naturwissenschaftler; Schriftsteller; Offizier,Botanischer Garten zu Berlin; Kaiserlich Leopoldinisch-Carolinische Deutsche Akademie der Naturforscher
salomon-calvi-wilhelm,"Salomon-Calvi, Wilhelm",1,1899,1899,116767340,"Salomon-Calvi, Wilhelm",Q99581,0.75,0.75,sicher,1868.0,1941.0,False,Geologe; Paläontologe; Hochschullehrer,Universität Heidelberg; Universität Heidelberg. Geologisch-Paläontologisches Institut; Ankara Üniversitesi
salomon-wilhelm,"Salomon, Wilhelm",1,1896,1896,1336256990,"Salomon, Wilhelm",,0.75,0.0,unsicher,1851.0,,False,Arzt,
sauvages-francois-boissier-de,"Sauvages, François Boissier de",1,1757,1757,100397905,"Boissier de la Croix de Sauvages, François",Q3084030,1.0,1.0,sicher,1706.0,1767.0,True,Arzt; Botaniker; Hochschullehrer,Kaiserlich Leopoldinisch-Carolinische Deutsche Akademie der Naturforscher
rome-de-lisle-jean-baptiste-louis,"Romé De Lisle, Jean Baptiste Louis",1,1783,1783,,,,0.0,,kein_treffer,,,,,
rontgen-wilhelm-conrad,"Röntgen, Wilhelm Conrad",1,1897,1897,118745743,"Röntgen, Wilhelm Conrad",Q35149,1.0,1.0,sicher,1845.0,1923.0,True,Physiker; Fotograf,
rose-karl,"Röse, Karl",1,1893,1893,119074699,"Roese, Carl",Q9184587,0.75,0.0,unsicher,1864.0,1947.0,False,Zahnarzt; Privatdozent,
rosenthal-friedrich-christian,"Rosenthal, Friedrich Christian",1,1832,1832,11662566X,"Rosenthal, Friedrich Christian",Q76272,0.825,0.825,sicher,1780.0,1829.0,False,Arzt; Anatom; Hochschullehrer,Universität Greifswald; Kaiserlich Leopoldinisch-Carolinische Deutsche Akademie der Naturforscher
rossi-giovanni-battista-de,"Rossi, Giovanni Battista de",1,1858,1858,119120852,"De Rossi, Giovanni Battista",Q699662,1.0,1.0,sicher,1822.0,1894.0,True,Archäologe; Kunsthistoriker,
rost-reinhold,"Rost, Reinhold",1,1859,1859,104294523,"Rost, Reinhold",Q16308152,0.75,0.75,sicher,1822.0,1896.0,False,Indologe; Linguist,
ribbeck-otto,"Ribbeck, Otto",1,1854,1854,119034948,"Ribbeck, Otto",Q75158,1.0,1.0,sicher,1827.0,1898.0,True,Philologe; Klassischer Philologe; Hochschullehrer; Gymnasiallehrer,Christian-Albrechts-Universität zu Kiel; Universität Leipzig
busse-friedrich,"Busse, Friedrich",1,1896,1896,133985989,"Busse, Friedrich Ernst von",Q1463629,0.75,0.0,unsicher,1828.0,1916.0,False,Politiker; Abgeordneter; Gutsherr,Deutsches Reich. Reichstag
cahours-auguste,"Cahours, Auguste",1,1856,1856,117668435,"Cahours, Auguste André Thomas",Q442476,1.0,1.0,sicher,1813.0,1891.0,True,Chemiker,
calvert-frank,"Calvert, Frank",1,1886,1886,11766913X,"Calvert, Frank",Q1385967,0.75,0.75,sicher,1828.0,1908.0,False,Konsul; Archäologe,
carus-karl-gustav,"Carus, Karl Gustav",1,1837,1837,118519352,"Carus, Carl Gustav",Q61987,1.0,1.0,sicher,1789.0,1869.0,True,Arzt; Gynäkologe; Naturwissenschaftler; Maler,Königliches Sächsisches Entbindungs-Institut (Dresden); Chirurgisch-Medicinische Akademie (Dresden); Kaiserlich Leopoldinisch-Carolinische Deutsche Akademie der Naturforscher
brueckner-alfred,"Brueckner, Alfred",1,1894,1894,116741740,"Brueckner, Alfred",Q1431078,0.75,0.75,sicher,1861.0,1936.0,False,Klassischer Philologe; Althistoriker; Kunsthistoriker; Gymnasiallehrer,Deutsches Archäologisches Institut. Abteilung Athen
lenard-philipp,"Lenard, Philipp",1,1893,1893,118779397,"Lenard, Philipp",Q57063,1.0,0.43,sicher,1862.0,1947.0,True,Physiker; Hochschullehrer,Christian-Albrechts-Universität zu Kiel; Universität Heidelberg. I. Physikalisches Institut
scheibler-karl,"Scheibler, Karl",1,1860,1860,117193275,"Scheibler, Carl",Q120489,0.825,0.175,sicher,1827.0,1899.0,False,Chemiker; Publizist,Landwirtschaftliche Hochschule Berlin; Kaiserlich Leopoldinisch-Carolinische Deutsche Akademie der Naturforscher
schellwien-ernst,"Schellwien, Ernst",1,1898,1898,1304148580,"Schellwien, Ernst‏",Q54610460,0.75,0.75,sicher,1866.0,1906.0,False,Geologe,
rubens-heinrich,"Rubens, Heinrich",1,1896,1896,116669187,"Rubens, Heinrich",Q61810,1.0,1.0,sicher,1865.0,1922.0,True,Physiker; Hochschullehrer,
glan-paul,"Glan, Paul",1,1874,1874,116652543,"Glan, Paul",Q1226481,0.75,0.75,sicher,1846.0,1898.0,False,Physiker; Meteorologe,
gosche-richard,"Gosche, Richard",1,1859,1859,116775424,"Gosche, Richard",Q103557,0.75,0.75,sicher,1824.0,1889.0,False,Orientalist; Literarhistoriker,
goschen-johann-friedrich-ludwig,"Göschen, Johann Friedrich Ludwig",1,1819,1819,116731893,"Goeschen, Johann Friedrich Ludwig",Q88389,1.0,1.0,sicher,1778.0,1837.0,True,Jurist,
krause-wilhelm,"Krause, Wilhelm",1,1886,1886,116400218,"Krause, Wilhelm",Q84488,0.75,0.0,unsicher,1833.0,1902.0,False,Arzt,
krebs-fritz,"Krebs, Fritz",1,1893,1893,116402911,"Krebs, Friedrich",Q20184404,0.75,0.75,sicher,1867.0,1900.0,False,Papyrologe; Ägyptologe,
kriele-samuel,"Kriele, Samuel",1,1770,1770,,,,0.0,,kein_treffer,,,,,
kruger-martin,"Krüger, Martin",1,1898,1898,101331753X,"Krüger, Martin Hermann",Q94836727,0.75,0.0,unsicher,1866.0,,False,Chemiker,
kuckuck-paul,"Kuckuck, Paul",1,1894,1894,116591595,"Kuckuck, Paul",Q15880587,0.75,0.75,sicher,1866.0,1918.0,False,Biologe; Schriftsteller; Botaniker; Hochschullehrer,Biologische Anstalt Helgoland
kultschitzky-nikolaj,"Kultschitzky, Nikolaj",1,1888,1888,,,,0.0,,kein_treffer,,,,,
ruhlmann-richard,"Rühlmann, Richard",1,1869,1869,117598712,"Rühlmann, Richard",Q1673748,0.75,0.75,sicher,1846.0,1908.0,False,Physiker; Mathematiker; Pädagoge; Rektor,
sabine-edward,"Sabine, Edward",1,1859,1859,11671350X,"Sabine, Edward",Q311223,0.82,0.82,sicher,1788.0,1883.0,True,Generalmajor,
saint-auban-marquis-de,"Saint-auban, Marquis de",1,1782,1782,,"Baratier, Jacques Antoine",Q30902199,0.47,0.47,kein_treffer,1713.0,1783.0,False,Generalleutnant,
sala-luigi,"Sala, Luigi",1,1893,1893,117600245,"Sala, Luigi",,0.65,0.1,unsicher,,,False,Arzt,
konig-samuel,"König, Samuel",1,1751,1751,117528854,"König, Samuel",Q64773,1.0,0.33,sicher,1712.0,1757.0,True,Mathematiker; Jurist; Bibliothekar; Philosoph,
konow-friedrich-wilhelm,"Konow, Friedrich Wilhelm",1,1888,1888,142169706,"Konow, Friedrich Wilhelm",Q5503941,0.75,0.75,sicher,1842.0,1908.0,False,Entomologe; Pfarrer,
koser-reinhold,"Koser, Reinhold",1,1897,1897,116342684,"Koser, Reinhold",Q90241,1.0,1.0,sicher,1852.0,1914.0,True,Historiker,Preußisches Geheimes Staatsarchiv; Monumenta Germaniae Historica
kossmann-robby,"Kossmann, Robby",1,1884,1884,116343583,"Kossmann, Robby",Q21340042,0.75,0.75,sicher,1849.0,1907.0,False,Arzt; Zoologe; Hochschullehrer; Schriftsteller,
kostka-karl,"Kostka, Karl",1,1870,1870,1024090752,"Kostka, Carl",Q5040435,0.825,0.825,sicher,1846.0,1921.0,False,Oberlehrer; Mathematiker,Kaiserlich Leopoldinisch-Carolinische Deutsche Akademie der Naturforscher
kotter-ernst,"Kötter, Ernst",1,1888,1888,117530743,"Kötter, Ernst",Q17388527,0.825,0.825,sicher,1859.0,1922.0,False,Mathematiker; Hochschullehrer,Rheinisch-Westfälische Technische Hochschule Aachen; Kaiserlich Leopoldinisch-Carolinische Deutsche Akademie der Naturforscher
kottgen-else,"Köttgen, Else",1,1895,1895,,,,0.0,,kein_treffer,,,,,
krabbe-gustav,"Krabbe, Gustav",1,1882,1882,116352353,"Krabbe, Heinrich Gustav",Q21517878,0.75,0.75,sicher,1855.0,1895.0,False,Botaniker,
krabbe-heinrich-gustav,"Krabbe, Heinrich Gustav",1,1885,1885,116352353,"Krabbe, Heinrich Gustav",Q21517878,0.75,0.75,sicher,1855.0,1895.0,False,Botaniker,
klatt-johannes,"Klatt, Johannes",1,1892,1892,116206020,"Klatt, Johannes",Q19214267,0.75,0.0,unsicher,1852.0,1903.0,False,Orientalist; Bibliothekar,
buckton-george-bowdler,"Buckton, George Bowdler",1,1856,1856,,,,0.0,,kein_treffer,,,,,
buff-heinrich,"Buff, Heinrich",1,1876,1876,117153028,"Buff, Heinrich Ludwig",Q1483442,0.75,0.0,unsicher,1828.0,1872.0,False,Hochschullehrer; Chemiker,
brandis-johannes,"Brandis, Johannes",1,1873,1873,116402504,"Brandis, Johannes",Q27532057,0.75,0.75,sicher,1830.0,1873.0,False,Orientalist; Althistoriker; Klassischer Philologe; Politiker,
schauinsland-hugo,"Schauinsland, Hugo",1,1898,1898,11711216X,"Schauinsland, Hugo H.",Q97709,0.825,0.825,sicher,1857.0,1937.0,False,Museumsdirektor; Zoologe,"Kaiserlich Leopoldinisch-Carolinische Deutsche Akademie der Naturforscher; Städtisches Museum für Natur-, Völker- und Handelskunde (Bremen)"
schauinsland-hugo-h,"Schauinsland, Hugo H.",1,1898,1898,11711216X,"Schauinsland, Hugo H.",Q97709,0.825,0.825,sicher,1857.0,1937.0,False,Museumsdirektor; Zoologe,"Kaiserlich Leopoldinisch-Carolinische Deutsche Akademie der Naturforscher; Städtisches Museum für Natur-, Völker- und Handelskunde (Bremen)"
scheibel-johann-ephraim,"Scheibel, Johann Ephraim",1,1793,1793,117193062,"Scheibel, Johann Ephraim",Q11727698,0.75,0.75,sicher,1736.0,1809.0,False,Mathematiker; Schulinspektor; Astronom; Physiker,
schmidt-moriz,"Schmidt, Moriz",1,1874,1874,117515833,"Schmidt, Moritz",Q91100,0.75,0.1,unsicher,1823.0,1888.0,False,Klassischer Philologe; Gräzist; Gymnasiallehrer; Hochschullehrer,
schmitz-friedrich,"Schmitz, Friedrich",1,1883,1883,116815876,"Schmitz, Friedrich Karl Johann",Q100616,0.825,0.075,unsicher,1850.0,1895.0,False,Botaniker,Kaiserlich Leopoldinisch-Carolinische Deutsche Akademie der Naturforscher
schomburgk-richard,"Schomburgk, Richard",1,1861,1861,118759078,"Schomburgk, Richard",Q106178,0.825,0.825,sicher,1811.0,1891.0,False,Forschungsreisender; Botaniker; Gärtner,Kaiserlich Leopoldinisch-Carolinische Deutsche Akademie der Naturforscher
schone-emil,"Schöne, Emil",1,1862,1862,117645176,"Schöne, Emil",Q70251123,0.75,0.75,sicher,1838.0,1896.0,False,Chemiker,
schottky-friedrich,"Schottky, Friedrich",1,1891,1891,117008265,"Schottky, Friedrich",Q77303,1.0,1.0,sicher,1851.0,1935.0,True,Mathematiker,
schottmuller-konrad,"Schottmüller, Konrad",1,1886,1886,139882677,"Schottmüller, Konrad",Q1782312,0.75,0.75,sicher,1841.0,1893.0,False,Bibliothekar; Mediävist,
schiller-nikolaj,"Schiller, Nikolaj",1,1875,1875,117643122,"Schiller, Nikolai Nikolajevitch",Q94914335,0.525,0.525,unsicher,1848.0,1904.0,False,Physiker,
schilling-gottfried-wilhelm,"Schilling, Gottfried Wilhelm",1,1772,1772,1055510524,"Schilling, Gottfried Wilhelm",Q36568120,0.65,0.498,unsicher,,,False,Arzt,
schimkow-andrej,"Schimkow, Andrej",1,1866,1866,,,,0.0,,kein_treffer,,,,,
schimper-andreas-franz-wilhelm,"Schimper, Andreas Franz Wilhelm",1,1890,1890,118976591,"Schimper, A. F. W.",Q63760,0.825,0.825,sicher,1856.0,1901.0,False,Botaniker; Hochschullehrer,Universität Basel. Botanisches Institut; Kaiserlich Leopoldinisch-Carolinische Deutsche Akademie der Naturforscher; Rheinische Friedrich-Wilhelms-Universität Bonn
schlagintweit-adolf-von,"Schlagintweit, Adolf von",1,1855,1855,118755234,"Schlagintweit, Adolf",Q67442,0.75,0.75,sicher,1829.0,1857.0,False,Geologe; Forschungsreisender,
schlagintweit-robert-von,"Schlagintweit, Robert von",1,1856,1856,118795090,"Schlagintweit, Robert von",Q95250,0.75,0.75,sicher,1833.0,1885.0,False,Geograf; Geologe; Forschungsreisender,Justus-Liebig-Universität Gießen
schlesinger-ludwig,"Schlesinger, Ludwig",1,1898,1898,117326259,"Schlesinger, Ludwig",Q72104,0.825,0.075,unsicher,1864.0,1933.0,False,Mathematiker,Kaiserlich Leopoldinisch-Carolinische Deutsche Akademie der Naturforscher; Rheinische Friedrich-Wilhelms-Universität Bonn; Budapesti Királyi Magyar Tudományegyetem
schmidt-carl,"Schmidt, Carl",1,1895,1895,129842737,"Schmidt, Carl",Q137348747,0.75,0.0,unsicher,1867.0,,False,Arzt,Christian-Albrechts-Universität zu Kiel
brunn-heinrich-von,"Brunn, Heinrich von",1,1854,1854,116777273,"Brunn, Heinrich von",Q63044,1.0,0.25,sicher,1822.0,1894.0,True,Archäologe; Hochschullehrer; Bibliothekar,
koken-ernst,"Koken, Ernst",1,1889,1889,116309229,"Koken, Ernst von",Q101332,0.825,0.825,sicher,1860.0,1912.0,False,Paläontologe; Geologe; Mineraloge,Königliche Albertus-Universität zu Königsberg i. Pr.; Kaiserlich Leopoldinisch-Carolinische Deutsche Akademie der Naturforscher; Eberhard Karls Universität Tübingen
schuchhardt-karl,"Schuchhardt, Karl",1,1887,1887,120459930,"Schuchhardt, Carl",Q68273,1.0,1.0,sicher,1859.0,1943.0,True,Archäologe; Prähistoriker,Archäologisches Institut des Deutschen Reiches. Abteilung Rom; Nordwestdeutscher Verband für Altertumsforschung; Museum für Völkerkunde Berlin
schultze-max,"Schultze, Max",1,1856,1856,115754369,"Schultze, Max",Q65833,0.825,0.175,sicher,1825.0,1874.0,False,Arzt; Anatom; Histologe; Biologe,Königliche Universität zu Greifswald; Kaiserlich Leopoldinisch-Carolinische Deutsche Akademie der Naturforscher; Rheinische Friedrich-Wilhelms-Universität Bonn
klein-felix,"Klein, Felix",1,1870,1870,11856286X,"Klein, Felix",Q76641,1.0,1.0,sicher,1849.0,1925.0,True,Mathematiker; Physiker; Hochschullehrer,Georg-August-Universität Göttingen; Universität Erlangen; Kaiserlich Leopoldinisch-Carolinische Deutsche Akademie der Naturforscher
klockmann-friedrich,"Klockmann, Friedrich",1,1894,1894,116231262,"Klockmann, Friedrich",Q1460429,0.825,0.825,sicher,1858.0,1937.0,False,Geologe; Mineraloge; Hochschullehrer,Kaiserlich Leopoldinisch-Carolinische Deutsche Akademie der Naturforscher; Rheinisch-Westfälische Technische Hochschule Aachen
klostermann-erich,"Klostermann, Erich",1,1897,1897,116234946,"Klostermann, Erich",Q5914664,1.0,1.0,sicher,1870.0,1963.0,True,Patristiker; Theologe; Klassischer Philologe; Geistlicher,Vereinigte Friedrichs-Universität Halle-Wittenberg; Albertus-Universität zu Königsberg i. Pr.; Kaiser-Wilhelms-Universität Straßburg
kogane-yoshikiyo,"Kogane, Yoshikiyo",1,1885,1885,117530859,"Koganei, Yoshikigo",Q6425768,0.75,0.75,sicher,1859.0,1944.0,False,Anatom; Anthropologe,
graber-friedrich,"Gräber, Friedrich",1,1888,1888,1078390770,"Graeber, Friedrich",Q1459330,1.0,1.0,sicher,1848.0,1917.0,True,Architekt; Bauforscher,Preußische Akademie der Wissenschaften
grunmach-emil,"Grunmach, Emil",1,1887,1887,117572411,"Grunmach, Emil",Q94759369,0.75,0.75,sicher,1849.0,,False,Arzt,
guglielmini-domenico,"Guglielmini, Domenico",1,1710,1710,11757645X,"Guglielmini, Domenico",Q910092,0.825,0.825,sicher,1655.0,1710.0,False,Mathematiker; Physiker; Astronom; Arzt,Sacri Romani Imperii Academia Caesareo-Leopoldina Naturae Curiosorum; Königlich Preußische Sozietät der Wissenschaften; Royal Society (London)
guhrauer-gottschalk-eduard,"Guhrauer, Gottschalk Eduard",1,1840,1840,116920645,"Guhrauer, Gottschalk E.",Q110399,0.75,0.75,sicher,1809.0,1854.0,False,Literarhistoriker; Literaturwissenschaftler,
gundelfinger-sigmund,"Gundelfinger, Sigmund",1,1898,1898,116925574,"Gundelfinger, Sigmund",Q99548,0.825,0.825,sicher,1846.0,1910.0,False,Mathematiker,Kaiserlich Leopoldinisch-Carolinische Deutsche Akademie der Naturforscher
keil-heinrich,"Keil, Heinrich",1,1852,1852,116094184,"Keil, Heinrich",Q96256,1.0,1.0,sicher,1822.0,1894.0,True,Philologe; Klassischer Philologe,
schutt-franz,"Schütt, Franz",1,1892,1892,117139823,"Schütt, Franz",Q1449024,0.75,0.005,unsicher,1859.0,1921.0,False,Botaniker; Hochschullehrer,Ernst-Moritz-Arndt-Universität Greifswald
schwabach-dagobert,"Schwabach, Dagobert",1,1888,1888,117653063,"Schwabach, Dagobert",Q15804387,0.75,0.75,sicher,1846.0,,False,Arzt,
schwartze-moritz-gotthilf,"Schwartze, Moritz Gotthilf",1,1848,1848,117653470,"Schwartze, Moritz Gotthilf",Q1947930,0.65,0.65,unsicher,1802.0,1848.0,False,Orientalist,
schmidt-karl-eduard-franz,"Schmidt, Karl Eduard Franz",1,1893,1893,117644293,"Schmidt, Karl Eduard Franz",Q20733862,0.825,0.825,sicher,1862.0,1946.0,False,Physiker; Hochschullehrer,Königliche Albertus-Universität zu Königsberg i. Pr.; Kaiserlich Leopoldinisch-Carolinische Deutsche Akademie der Naturforscher; Kaiser-Wilhelms-Universität Straßburg
sieben-georg,"Sieben, Georg",1,1889,1889,1054315248,"Sieben, Georg",,0.65,0.65,unsicher,1855.0,,False,,
siebold-karl-theodor-von,"Siebold, Karl Theodor von",1,1841,1841,117388297,"Siebold, Carl Theodor Ernst von",Q64262,0.825,0.825,sicher,1804.0,1885.0,False,Zoologe; Arzt,Kaiserlich Leopoldinisch-Carolinische Deutsche Akademie der Naturforscher
siebs-theodor,"Siebs, Theodor",1,1895,1895,118765183,"Siebs, Theodor",Q28117,0.75,0.18,sicher,1862.0,1941.0,False,Germanist; Hochschullehrer,Uniwersytet Wrocławski. Instytut Filologii Germańskiej
schroeder-leopold-von,"Schroeder, Leopold von",1,1879,1879,117072796,"Schroeder, Leopold von",Q70798,0.75,0.75,sicher,1851.0,1920.0,False,Indologe; Orientalist; Schriftsteller,
brandt-johann-friedrich,"Brandt, Johann Friedrich",1,1846,1846,104263148,"Brandt, Johann Friedrich",Q57361,1.0,0.33,sicher,1802.0,1879.0,True,Naturwissenschaftler; Zoologe; Arzt; Botaniker,Kaiserlich Leopoldinisch-Carolinische Deutsche Akademie der Naturforscher
brandt-karl,"Brandt, Karl",1,1881,1881,116406151,"Brandt, Karl",Q96738,0.825,0.075,unsicher,1854.0,1931.0,False,Meeresbiologe; Zoologe,Albertus-Universität zu Königsberg i. Pr.; Christian-Albrechts-Universität zu Kiel. Zoologisches Institut; Kaiserliche Marine-Akademie und Schule
brauer-august,"Brauer, August",1,1892,1892,11641507X,"Brauer, August",Q85444,1.0,0.175,sicher,1863.0,1917.0,True,Zoologe,Zoologisches Museum (Berlin); Friedrich-Wilhelms-Universität Berlin
bremiker-karl,"Bremiker, Karl",1,1860,1860,116482435,"Bremiker, Carl",Q97338,0.75,0.75,sicher,1804.0,1877.0,False,Astronom; Geodät,
brenner-leo,"Brenner, Leo",1,1897,1897,106688711X,"Brenner, Leo",Q133069743,0.75,0.75,sicher,1855.0,1928.0,False,Publizist; Astronom,
brieger-ludwig,"Brieger, Ludwig",1,1889,1889,117631191,"Brieger, Ludwig",Q98146,0.75,0.75,sicher,1849.0,1919.0,False,Bakteriologe; Arzt,
brinkmann-august,"Brinkmann, August",1,1894,1894,116519908,"Brinkmann, August",Q761008,0.75,0.1,unsicher,1863.0,1923.0,False,Philologe; Klassischer Philologe; Archäologe,Rheinische Friedrich-Wilhelms-Universität Bonn
brock-johannes,"Brock, Johannes",1,1886,1886,1243844272,"Brock, Johannes Georg",Q48189734,0.825,0.0,unsicher,1852.0,1889.0,False,Zoologe; Anatom,Kaiserlich Leopoldinisch-Carolinische Deutsche Akademie der Naturforscher
bronn-heinrich-georg,"Bronn, Heinrich Georg",1,1842,1842,116685417,"Bronn, Heinrich G.",Q64395,1.0,1.0,sicher,1800.0,1862.0,True,Naturwissenschaftler; Zoologe; Paläontologe,Universität Heidelberg; Kaiserlich Leopoldinisch-Carolinische Deutsche Akademie der Naturforscher
brooks-thomas-zu-manchester,"Brooks, Thomas zu Manchester",1,1845,1845,,,,0.0,,kein_treffer,,,,,
brsgger-waldemar-christofer,"BRşGGER, Waldemar Christofer",1,1876,1876,,,,0.0,,kein_treffer,,,,,
bruckner-alexander,"Brückner, Alexander",1,1890,1890,118903039,"Brückner, Alexander",Q78142,0.75,0.0,unsicher,1834.0,1896.0,False,Historiker; Hochschullehrer,Universität Dorpat
splitgerber-david-karl,"Splitgerber, David Karl",1,1849,1849,,,,0.0,,kein_treffer,,,,,
sprung-adolf,"Sprung, Adolf",1,1887,1887,117654310,"Sprung, Adolf",Q364276,0.75,0.75,sicher,1848.0,1909.0,False,Meteorologe,Meteorologisch-Magnetisches Observatorium (Potsdam); Deutsche Seewarte. Reichswetterdienststelle; Preußisches Meteorologisches Institut
secchi-pietro-giovanni,"Secchi, Pietro Giovanni",1,1846,1846,133675963,"Secchi, Giovanni Pietro",Q3105133,0.75,0.628,sicher,1798.0,1856.0,False,Archäologe; Katholischer Theologe,Jesuiten
kerber-edmund,"Kerber, Edmund",1,1882,1882,,,,0.0,,kein_treffer,,,,,
keyserlingk-hermann-karl-graf-von,"Keyserlingk, Hermann Karl Graf von",1,1750,1750,13877787X,"Keyserling, Hermann von",Q959445,1.0,1.0,sicher,1695.0,1764.0,True,Diplomat; Mäzen; Politiker,
kiessling-johannes,"Kiessling, Johannes",1,1886,1886,102478597,"Kießling, Johannes",Q1695144,0.65,0.65,unsicher,1839.0,1905.0,False,Lehrer,Königliches Joachimsthalsches Gymnasium; Gelehrtenschule des Johanneums
kirchhoff-gustav-robert,"Kirchhoff, Gustav Robert",1,1877,1877,118723146,"Kirchhoff, Gustav Robert",Q60052,1.0,1.0,sicher,1824.0,1887.0,True,Physiker; Hochschullehrer,
klaatsch-hermann,"Klaatsch, Hermann",1,1898,1898,11752297X,"Klaatsch, Hermann",Q70209,0.825,0.255,sicher,1863.0,1916.0,False,Anthropologe; Anatom; Paläontologe; Hochschullehrer,Kaiserlich Leopoldinisch-Carolinische Deutsche Akademie der Naturforscher; Universität Breslau
gurich-georg,"Gürich, Georg",1,1887,1887,116915978,"Gürich, Georg",Q5535704,0.825,0.825,sicher,1859.0,1938.0,False,Mineraloge; Geologe; Petrologe; Paläontologe,Kaiserlich Leopoldinisch-Carolinische Deutsche Akademie der Naturforscher; Mineralogisch-Geologisches Staatsinstitut (Hamburg); Hamburgisches Kolonialinstitut
gussfeldt-paul,"Güssfeldt, Paul",1,1884,1884,12870814X,"Güssfeldt, Paul",Q65967,0.825,0.825,sicher,1840.0,1920.0,False,Forschungsreisender; Geograf; Naturwissenschaftler; Bergsteiger,Kaiserlich Leopoldinisch-Carolinische Deutsche Akademie der Naturforscher
hagen-otto,"Hagen, Otto",1,1858,1858,117642592,"Hagen, Otto Albert",Q55851165,0.75,0.1,unsicher,1835.0,1862.0,False,Physiker,
hamann-otto,"Hamann, Otto",1,1891,1891,116421924,"Hamann, Otto",Q4495215,0.75,0.75,sicher,1857.0,1925.0,False,Zoologe; Bibliothekar,
hamburger-meyer,"Hamburger, Meyer",1,1899,1899,117493805,"Hamburger, Meyer",Q29368508,0.825,0.825,sicher,1838.0,1903.0,False,Mathematiker,Kaiserlich Leopoldinisch-Carolinische Deutsche Akademie der Naturforscher
hansemann-david,"Hansemann, David",1,1895,1895,101785186,"Hansemann, David von",Q102793,0.75,0.75,sicher,1858.0,1920.0,False,Arzt; Pathologe,
secondat-jean-baptiste-baron-de,"Secondat, Jean Baptiste Baron de",1,1786,1786,11765454X,"Montesquieu, Jean-Baptiste de",Q5928631,0.75,0.75,sicher,1716.0,1796.0,False,Agrarwissenschaftler; Übersetzer,
seidel-ludwig-von,"Seidel, Ludwig von",1,1862,1862,117463655,"Seidel, Philipp Ludwig",Q464,1.0,0.35,sicher,1821.0,1896.0,True,Mathematiker; Astronom; Hochschullehrer; Ritter,Kaiserlich Leopoldinisch-Carolinische Deutsche Akademie der Naturforscher
steinen-karl,"Steinen, Karl",1,1888,1888,117251992,"Steinen, Karl von den",Q67459,0.825,0.075,unsicher,1855.0,1929.0,False,Ethnologe; Forschungsreisender; Klassischer Philologe; Arzt,Museum für Völkerkunde Berlin; Linden-Museum Stuttgart; Kaiserlich Leopoldinisch-Carolinische Deutsche Akademie der Naturforscher
stenzler-adolf-friedrich,"Stenzler, Adolf Friedrich",1,1874,1874,117272485,"Stenzler, Adolf Friedrich",Q71075,1.0,1.0,sicher,1807.0,1887.0,True,Orientalist; Indologe; Bibliothekar,
stephan-heinrich-von,"Stephan, Heinrich von",1,1886,1886,118798715,"Stephan, Heinrich von",Q215482,0.65,0.0,unsicher,1831.0,1897.0,False,,
strasburger-eduard,"Strasburger, Eduard",1,1890,1890,119182696,"Strasburger, Eduard",Q58834,1.0,0.805,sicher,1844.0,1912.0,True,Botaniker,Kaiserlich Leopoldinisch-Carolinische Deutsche Akademie der Naturforscher; Gesammtuniversität Jena; Rheinische Friedrich-Wilhelms-Universität Bonn
strehlke-friedrich,"Strehlke, Friedrich",1,1850,1850,12116828X,"Strehlke, Friedrich",Q62689951,0.75,0.0,unsicher,1825.0,1896.0,False,Pädagoge; Schulleiter; Literaturwissenschaftler,
stubenrauch-timotheus-christian,"Stubenrauch, Timotheus Christian",1,1746,1746,122626214,"Stubenrauch, Timotheus Christianus",Q60841280,0.75,0.75,sicher,1693.0,1750.0,False,Theologe,
boehm-richard,"Boehm, Richard",1,1879,1879,116220589,"Boehm, Richard",Q71184,0.75,0.08,unsicher,1854.0,1884.0,False,Forschungsreisender; Zoologe; Anatom,
bolton-henry-carrington,"Bolton, Henry Carrington",1,1866,1866,116237015,"Bolton, Henry Carrington",Q1606578,0.75,0.75,sicher,1843.0,1903.0,False,Chemiker,
boufflers-stanislas-marquis-de,"Boufflers, Stanislas Marquis de",1,1799,1799,119498596,"Boufflers, Stanislaus-Jean de",Q918355,1.0,1.0,sicher,1738.0,1815.0,True,Schriftsteller; Markgraf,
brandes-karl-philipp,"Brandes, Karl Philipp",1,1759,1759,139209034,"Brandes, Carl Philipp",Q55843504,0.75,0.75,sicher,1720.0,1776.0,False,Chemiker,
bertrand-louis,"Bertrand, Louis",1,1755,1755,118658603,"Bertrand, Louis",Q21235762,0.75,0.1,unsicher,1731.0,1812.0,False,Mathematiker; Selbstverleger,
sipos-paul,"Sipos, Paul",1,1796,1796,1034565362,"Sipos, Paul",Q1289008,0.75,0.75,sicher,1759.0,1816.0,False,Mathematiker; Physiker; Philosoph,
solbrig-david,"Solbrig, David",1,1723,1723,141112484,"Solbrig, David",Q94918756,0.65,0.65,unsicher,1658.0,1730.0,False,Pfarrer; Superintendent,Königlich Preußische Sozietät der Wissenschaften
spiegelberg-wilhelm,"Spiegelberg, Wilhelm",1,1896,1896,118616188,"Spiegelberg, Wilhelm",Q100547,0.75,0.549,sicher,1870.0,1930.0,False,Ägyptologe,Ludwig-Maximilians-Universität München; Universität Heidelberg; Kaiser-Wilhelms-Universität Straßburg
spiegelthal-ludwig,"Spiegelthal, Ludwig",1,1854,1854,,,,0.0,,kein_treffer,,,,,
spielmann-jakob-reinbold,"Spielmann, Jakob Reinbold",1,1765,1765,118751999,"Spielmann, Jacob Reinbold",Q1677614,1.0,1.0,sicher,1722.0,1783.0,True,Apotheker; Pharmakologe; Pharmazeut,Chapitre de Saint-Thomas (Straßburg); Kaiserlich Leopoldinisch-Carolinische Deutsche Akademie der Naturforscher
biondi-domenico,"Biondi, Domenico",1,1886,1886,117604925,"Biondi, Domenico",Q3712919,0.75,0.75,sicher,1855.0,1914.0,False,Arzt,
blake-lucien-ira,"Blake, Lucien Ira",1,1882,1882,1042732930,"Blake, Lucien Ira",Q131827592,0.75,0.75,sicher,1853.0,1916.0,False,Physiker,
hansemann-gustav,"Hansemann, Gustav",1,1877,1877,101882173,"Hansemann, Gustav",Q18242329,0.65,0.65,unsicher,1829.0,1902.0,False,Unternehmer,
hanssen-georg,"Hanssen, Georg",1,1864,1864,116461039,"Hanssen, Georg",Q96693,1.0,1.0,sicher,1809.0,1894.0,True,Wirtschaftswissenschaftler; Volkswirt,Christian-Albrechts-Universität zu Kiel
hanstein-johannes-ludwig-emil-robert,"Hanstein, Johannes Ludwig Emil Robert",1,1858,1858,116461578,"Hanstein, Johannes Ludwig Emil Robert von",Q71063,0.825,0.825,sicher,1822.0,1880.0,False,Botaniker; Oberlehrer,Kaiserlich Leopoldinisch-Carolinische Deutsche Akademie der Naturforscher
jordan-heinrich,"Jordan, Heinrich",1,1867,1867,117182486,"Jordan, Heinrich",Q86975,0.75,0.0,unsicher,1833.0,1886.0,False,Klassischer Philologe; Historiker; Hochschullehrer,
joseph-max,"Joseph, Max",1,1888,1888,124531849,"Joseph, Max",Q4205892,0.75,0.1,unsicher,1860.0,1932.0,False,Arzt; Hautarzt,
judeich-walther,"Judeich, Walther",1,1898,1898,11722023X,"Judeich, Walther",Q1575505,0.75,0.75,sicher,1859.0,1942.0,False,Archäologe; Historiker,
kaibel-georg,"Kaibel, Georg",1,1895,1895,116024437,"Kaibel, Georg",Q70226,1.0,1.0,sicher,1849.0,1901.0,True,Hochschullehrer; Klassischer Philologe,Kaiser-Wilhelms-Universität Straßburg; Georg-August-Universität Göttingen
kalbfleisch-karl,"Kalbfleisch, Karl",1,1895,1895,116029110,"Kalbfleisch, Karl",Q1731875,0.75,0.75,sicher,1868.0,1946.0,False,Klassischer Philologe; Papyrologe,Philipps-Universität Marburg; Justus-Liebig-Universität Gießen; Universität Rostock
kalischer-otto,"Kalischer, Otto",1,1894,1894,1217680004,"Kalischer, Otto",Q91010,0.75,0.75,sicher,1869.0,1942.0,False,Neurologe; Anatom,
karsch-ferdinand,"Karsch, Ferdinand",1,1878,1878,117571105,"Karsch, Ferdinand",Q66910,0.75,0.75,sicher,1853.0,1936.0,False,Sexualwissenschaftler; Zoologe; Entomologe; Hochschullehrer,
karsten-dietrich-ludwig-gustav,"Karsten, Dietrich Ludwig Gustav",1,1807,1807,116061146,"Karsten, Dietrich Ludwig Gustav",Q91968,1.0,1.0,sicher,1768.0,1810.0,True,Mineraloge,
kastner-abraham-gotthelf,"Kästner, Abraham Gotthelf",1,1751,1751,118714570,"Kästner, Abraham Gotthelf",Q61813,1.0,1.0,sicher,1719.0,1800.0,True,Mathematiker; Physiker; Schriftsteller; Hochschullehrer,
steffens-henrik,"Steffens, Henrik",1,1839,1839,118617109,"Steffens, Henrik",Q64406,1.0,1.0,sicher,1773.0,1845.0,True,Naturwissenschaftler; Philosoph; Schriftsteller; Hochschullehrer,Christian-Albrechts-Universität zu Kiel; Københavns Universitet; Universität Breslau
stein-ludwig,"Stein, Ludwig",1,1888,1888,117243469,"Stein, Ludwig",Q95269810,0.75,0.0,unsicher,1868.0,1934.0,False,Schriftsteller; Dramatiker,
traube-hermann,"Traube, Hermann",1,1895,1895,117634808,"Traube, Hermann",Q95339,0.75,0.579,sicher,1860.0,1913.0,False,Mineraloge,Christian-Albrechts-Universität zu Kiel; Christian-Albrechts-Universität zu Kiel. Philosophische Fakultät
treviranus-ludolf-christian,"Treviranus, Ludolf Christian",1,1836,1836,117416959,"Treviranus, Ludolf Christian",Q62277,1.0,1.0,sicher,1779.0,1864.0,True,Arzt; Botaniker,Rheinische Friedrich-Wilhelms-Universität Bonn; Kaiserlich Leopoldinisch-Carolinische Deutsche Akademie der Naturforscher
trommer-k,"Trommer, K.",1,1841,1841,,,,0.0,,kein_treffer,,,,,
troschel-franz-hermann,"Troschel, Franz Hermann",1,1854,1854,117423300,"Troschel, Franz Hermann",Q72659,0.825,0.825,sicher,1810.0,1882.0,False,Zoologe,Rheinische Friedrich-Wilhelms-Universität Bonn; Kaiserlich Leopoldinisch-Carolinische Deutsche Akademie der Naturforscher
tschirch-alexander,"Tschirch, Alexander",1,1890,1890,119034654,"Tschirch, Alexander",Q75096,0.825,0.825,sicher,1856.0,1939.0,False,Apotheker; Hochschullehrer; Botaniker,Kaiserlich Leopoldinisch-Carolinische Deutsche Akademie der Naturforscher
sturm-leonhard-christoph,"Sturm, Leonhard Christoph",1,1710,1710,117364177,"Sturm, Leonhard Christoph",Q99183,1.0,1.0,sicher,1669.0,1719.0,True,Mathematiker; Baumeister; Ingenieur; Hochschullehrer,"Universität Frankfurt (Oder, 1506-1811)"
sturm-rudolf,"Sturm, Rudolf",1,1894,1894,117364274,"Sturm, Rudolf",Q89050,0.75,0.75,sicher,1841.0,1919.0,False,Mathematiker,
swinden-jan-hendrik-van,"Swinden, Jan Hendrik van",1,1783,1783,104197358,"Swinden, Jan Hendrik van",Q513159,0.75,0.75,sicher,1746.0,1823.0,False,Mathematiker; Physiker,
sybel-heinrich,"Sybel, Heinrich",1,1885,1885,118620223,"Sybel, Heinrich von",Q65600,1.0,0.25,sicher,1817.0,1895.0,True,Historiker; Archivar; Politiker; Abgeordneter,Monumenta Germaniae Historica; Koninklijke Nederlandse Akademie van Wetenschappen; Akademie der Wissenschaften in Göttingen
tardy-placido,"Tardy, Placido",1,1868,1868,117614157,"Tardy, Placido",Q18814595,0.75,0.75,sicher,1816.0,1914.0,False,Mathematiker,
thilenius-georg,"Thilenius, Georg",1,1899,1899,118622013,"Thilenius, Georg",Q108857,0.825,0.6,sicher,1868.0,1937.0,False,Ethnologe; Arzt; Anatom; Museumsdirektor,Hamburgisches Kolonialinstitut; Universität Breslau (Anatomisches Museum); Universität Breslau
stadelmann-hermann,"Stadelmann, Hermann",1,1895,1895,1209641488,"Stadelmann, Hermann",,0.75,0.1,unsicher,1862.0,,False,Zoologe,
bessel-hagen-fritz,"Bessel-hagen, Fritz",1,1879,1879,11615456X,"Bessel-Hagen, Fritz Karl",Q17712900,0.825,0.825,sicher,1856.0,1945.0,False,Chirurg,Kaiserlich Leopoldinisch-Carolinische Deutsche Akademie der Naturforscher
bethmann-ludwig-konrad,"Bethmann, Ludwig Konrad",1,1853,1853,116155558,"Bethmann, Ludwig Konrad",Q55122788,0.75,0.75,sicher,1812.0,1867.0,False,Historiker; Bibliothekar; Hochschullehrer,Monumenta Germaniae Historica
bezold-karl,"Bezold, Karl",1,1888,1888,116160918,"Bezold, Carl",Q71554,0.75,0.75,sicher,1859.0,1922.0,False,Orientalist; Philologe; Semitist,Universität Heidelberg. Philosophische Fakultät; Universität Heidelberg; Universität Heidelberg. Ägyptologisches Institut
bilguer-johann-ulrich-von,"Bilguer, Johann Ulrich von",1,1772,1772,100041248,"Bilguer, Johann Ulrich",Q21546514,0.825,0.825,sicher,1720.0,1796.0,False,Arzt,Kaiserlich Leopoldinisch-Carolinische Deutsche Akademie der Naturforscher
velsen-arthur-von,"Velsen, Arthur von",1,1856,1856,104286288,"Velsen, Arthur von",Q21543550,0.65,0.65,unsicher,1826.0,,False,,
verworn-max,"Verworn, Max",1,1896,1896,117390828,"Verworn, Max",Q65056,0.825,0.825,sicher,1863.0,1921.0,False,Arzt; Paläontologe; Physiologe,Kaiserlich Leopoldinisch-Carolinische Deutsche Akademie der Naturforscher
villari-emilio,"Villari, Emilio",1,1865,1865,1056175869,"Villarino, Emilio",,0.55,0.55,unsicher,,,False,,
kaupert-johann-august,"Kaupert, Johann August",1,1879,1879,116078324,"Kaupert, Johann August",Q97412,0.75,0.75,sicher,1822.0,1899.0,False,Kartograf; Topograf,
ihering-hermann-von,"Ihering, Hermann von",1,1885,1885,117124923,"Ihering, Hermann von",Q62761,0.75,0.75,sicher,1850.0,1930.0,False,Zoologe; Naturwissenschaftler; Anthropologe; Arzt,
j-h-b,J. H. B.,1,1781,1781,,,,0.0,,nicht_abgleichbar,,,,,
jacobi-hermann,"Jacobi, Hermann",1,1873,1873,118963112,"Jacobi, Hermann",Q73862,1.0,0.35,sicher,1850.0,1937.0,True,Indologe; Hochschullehrer,Rheinische Friedrich-Wilhelms-Universität Bonn
jaffe-benno,"Jaffé, Benno",1,1864,1864,1065464541,"Jaffé, Benno",Q817940,0.65,0.65,unsicher,1840.0,,False,,
jaffe-philipp,"Jaffé, Philipp",1,1870,1870,117060577,"Jaffé, Philipp",Q77713,0.75,0.75,sicher,1819.0,1870.0,False,Historiker,
jahn-hans,"Jahn, Hans",1,1891,1891,117064637,"Jahn, Hans Max",Q87346009,0.75,0.75,sicher,1853.0,1906.0,False,Chemiker,
jahnke-eugen,"Jahnke, Eugen",1,1896,1896,117065862,"Jahnke, Eugen",Q103221,0.825,0.825,sicher,1863.0,1921.0,False,Mathematiker; Physiker; Techniker; Oberlehrer,Kaiserlich Leopoldinisch-Carolinische Deutsche Akademie der Naturforscher; Technische Hochschule Berlin
jirecek-konstantin,"Jirecek, Konstantin",1,1881,1881,119224178,"Jireček, Konstantin",Q700589,0.75,0.312,sicher,1854.0,1918.0,False,Historiker; Diplomat; Hochschullehrer,Univerzita Karlova; Universität Wien; Narodna Biblioteka Kiril i Metodij
holder-otto,"Hölder, Otto",1,1885,1885,119291754,"Hölder, Otto",Q60895,0.75,0.18,sicher,1859.0,1937.0,False,Mathematiker,
virchow-hans,"Virchow, Hans",1,1888,1888,117435287,"Virchow, Hans",Q5256264,0.825,0.825,sicher,1852.0,1940.0,False,Arzt; Anatom; Hochschullehrer,Kaiserlich Leopoldinisch-Carolinische Deutsche Akademie der Naturforscher
tonnies-friedrich-wilhelm,"Tönnies, Friedrich Wilhelm",1,1819,1819,123076269,"Tönnies, Friedrich Wilhelm",Q94849285,0.65,0.65,unsicher,1796.0,1817.0,False,,
toschi-di-fagnano-giovanni-francesco-marchese-de,"Toschi Di Fagnano, Giovanni Francesco Marchese de'",1,1781,1781,,,,0.0,,kein_treffer,,,,,
bel-matthias,"Bel, Matthias",1,1734,1734,119315416,"Bél, Mátyás",Q697179,1.0,1.0,sicher,1684.0,1749.0,True,Historiker; Gymnasiallehrer; Rektor; Pfarrer,
belck-waldemar,"Belck, Waldemar",1,1899,1899,118508563,"Belck, Waldemar",Q19513832,0.75,0.75,sicher,1862.0,1932.0,False,Unternehmer; Archäologe; Historiker; Chemiker,
hufeland-christoph-wilhelm,"Hufeland, Christoph Wilhelm",1,1820,1820,118554514,"Hufeland, Christoph Wilhelm",Q32257,1.0,1.0,sicher,1762.0,1836.0,True,Arzt; Therapeut; Pathologe; Leibarzt,Kaiserlich Leopoldinisch-Carolinische Deutsche Akademie der Naturforscher; Charité - Universitätsmedizin Berlin
hupsch-adolf-freiherr-von,"Hüpsch, Adolf Freiherr von",1,1773,1773,100294065,"Hüpsch, Adolf von",Q364794,0.75,0.75,sicher,1730.0,1805.0,False,Naturwissenschaftler; Sammler; Kunstsammler,
huth-georg,"Huth, Georg",1,1895,1895,117073563,"Huth, Georg",Q1156224,0.75,0.1,unsicher,1867.0,1906.0,False,Philologe; Tibetologe; Mongolist; Indologe,Museum für Völkerkunde Berlin
hartmann-johannes,"Hartmann, Johannes",1,1898,1898,11649848X,"Hartmann, J.",Q61206,0.825,0.075,unsicher,1865.0,1936.0,False,Astronom,Kaiserlich Leopoldinisch-Carolinische Deutsche Akademie der Naturforscher; Universidad Nacional de La Plata. Observatorio Astronómico; Sternwarte Göttingen
hase-heinrich,"Hase, Heinrich",1,1826,1826,116510978,"Hase, Heinrich",Q1597519,0.75,0.75,sicher,1789.0,1842.0,False,Archäologe; Klassischer Philologe; Numismatiker; Historiker,
hausmaninger-victor,"Hausmaninger, Victor",1,1885,1885,,,,0.0,,kein_treffer,,,,,
hecker-konstantin-gabriel,"Hecker, Konstantin Gabriel",1,1710,1710,120009064,"Hecker, Constantin Gabriel",Q55844133,0.75,0.75,sicher,1670.0,1721.0,False,Schriftsteller,
heder-johann-elias,"Heder, Johann Elias",1,1727,1727,1014286697,"Heder, Johann Elias",Q133591352,0.65,0.65,unsicher,1674.0,1722.0,False,Prediger,
benary-ferdinand,"Benary, Ferdinand",1,1845,1845,116116072,"Benary, Ferdinand",Q108830,0.75,0.75,sicher,1805.0,1880.0,False,Evangelischer Theologe; Orientalist; Hochschullehrer,
berendt-gottlieb,"Berendt, Gottlieb",1,1885,1885,117586641,"Berendt, Gottlieb",Q5688383,0.825,0.825,sicher,1836.0,1920.0,False,Geograf,Kaiserlich Leopoldinisch-Carolinische Deutsche Akademie der Naturforscher
bergemann-karl,"Bergemann, Karl",1,1851,1851,117586994,"Bergemann, Karl Wilhelm",Q15455120,0.825,0.075,unsicher,1804.0,1884.0,False,Chemiker,Kaiserlich Leopoldinisch-Carolinische Deutsche Akademie der Naturforscher
ulloa-antonio-de,"Ulloa, Antonio de",1,1780,1780,119052873,"Ulloa, Antonio de",Q470306,1.0,1.0,sicher,1716.0,1795.0,True,Gelehrter; Politiker; Seefahrer; Marineoffizier,
usener-hermann,"Usener, Hermann",1,1892,1892,118763946,"Usener, Hermann",Q63078,1.0,0.35,sicher,1834.0,1905.0,True,Philologe; Klassischer Philologe; Theologe,Rheinische Friedrich-Wilhelms-Universität Bonn
varignon-pierre,"Varignon, Pierre",1,1727,1727,119062372,"Varignon, Pierre",Q379219,0.92,0.92,sicher,1654.0,1722.0,True,Mathematiker,
weber-heinrich,"Weber, Heinrich",1,1897,1897,1012808513,"Weber, Heinrich",Q77512,1.0,0.175,sicher,1842.0,1913.0,True,Mathematiker,Eidgenössisches Polytechnicum; Kaiser-Wilhelms-Universität Straßburg; Georg-August-Universität Göttingen
weber-reinhardt,"Weber, Reinhardt",1,1847,1847,1252485883,"Weber, Thomas Reinhardt",,0.75,0.75,sicher,1818.0,1876.0,False,Chemiker,
bastian-adolf,"Bastian, Adolf",1,1867,1867,118653423,"Bastian, Adolf",Q58793,0.825,0.825,sicher,1826.0,1905.0,False,Ethnologe; Geograf; Arzt; Forschungsreisender,Museum für Völkerkunde Berlin; Kaiserlich Leopoldinisch-Carolinische Deutsche Akademie der Naturforscher
batigne,Batigne,1,1772,1772,102642761,"Batigne, Paul",Q51077257,0.645,0.075,unsicher,,1773.0,False,Arzt,Kaiserlich Leopoldinisch-Carolinische Deutsche Akademie der Naturforscher
baumann-eugen,"Baumann, Eugen",1,1882,1882,119392453,"Baumann, Eugen",Q77114,0.825,0.255,sicher,1846.0,1896.0,False,Chemiker; Apotheker,Kaiserlich Leopoldinisch-Carolinische Deutsche Akademie der Naturforscher
baumeister-august,"Baumeister, August",1,1855,1855,116089725,"Baumeister, Karl August",Q106897,0.75,0.75,sicher,1830.0,1922.0,False,Pädagoge; Philologe; Historiker; Linguist,Fürstliches Gymnasium (Gera)
baur-albert,"Baur, Albert",1,1862,1862,1015094619,"Baur, Albert Otto",Q92031930,0.825,0.175,sicher,1834.0,1868.0,False,Arzt; Anatom,Kaiserlich Leopoldinisch-Carolinische Deutsche Akademie der Naturforscher
vochting-hermann,"Vochting, Hermann",1,1894,1894,117448702,"Vöchting, Hermann",Q87162,1.0,0.775,sicher,1847.0,1917.0,True,Botaniker,
vockerodt-johann-gotthilf,"Vockerodt, Johann Gotthilf",1,1758,1758,13310429X,"Vockerodt, Johann Gotthilf",Q26882306,0.65,0.65,unsicher,1693.0,1757.0,False,Diplomat; Geheimer Rat,
volkens-georg,"Volkens, Georg",1,1886,1886,11897369X,"Volkens, Georg",Q75245,0.75,0.75,sicher,1855.0,1917.0,False,Botaniker,
volkmann-alfred-wilhelm,"Volkmann, Alfred Wilhelm",1,1863,1863,117489751,"Volkmann, Alfred Wilhelm",Q70792,0.825,0.825,sicher,1801.0,1877.0,False,Arzt; Physiologe,Kaiserlich Leopoldinisch-Carolinische Deutsche Akademie der Naturforscher
waitz-von-eschen-jakob-sigismund-freiherr,"Waitz Von Eschen, Jakob Sigismund Freiherr",1,1779,1779,104366230,"Waitz, Jacob Siegismund von",Q1677637,0.92,0.92,sicher,1698.0,1776.0,True,Politiker; Naturwissenschaftler,
waldkyer,Waldkyer,1,1898,1898,,,,0.0,,kein_treffer,,,,,
tyndall-john,"Tyndall, John",1,1851,1851,118803050,"Tyndall, John",Q360808,0.825,0.825,sicher,1820.0,1893.0,False,Naturwissenschaftler; Vermesser; Physiker,Akademie der Wissenschaften in Göttingen; University of London; Kaiserlich Leopoldinisch-Carolinische Deutsche Akademie der Naturforscher
behrmann-alfred,"Behrmann, Alfred",1,1884,1884,117320167X,"Behrmann, Alfred",,0.75,0.75,sicher,1860.0,,False,Chemiker,
bekker-ernst-immanuel,"Bekker, Ernst Immanuel",1,1898,1898,118655027,"Bekker, Ernst Immanuel",Q85324,0.67,0.67,unsicher,1827.0,1916.0,False,Jurist; Hochschullehrer,Universität Heidelberg; Ernst-Moritz-Arndt-Universität Greifswald
heffter-lothar,"Heffter, Lothar",1,1852,1852,135687861,"Heffter, Lothar",Q94870319,0.75,0.75,sicher,1829.0,1887.0,False,Chemiker; Unternehmer,
hegel-karl,"Hegel, Karl",1,1887,1887,11657075X,"Hegel, Karl von",Q86130,0.92,0.92,sicher,1813.0,1901.0,True,Historiker; Gymnasiallehrer; Herausgeber; Abgeordneter,Universität Erlangen; Universität Rostock; Monumenta Germaniae Historica
heiberg-johann-ludvig,"Heiberg, Johann Ludvig",1,1892,1892,120334100,"Heiberg, J. L.",Q936503,0.982,0.757,sicher,1854.0,1928.0,True,Mathematiker; Klassischer Philologe; Gymnasiallehrer; Hochschullehrer,
heidenhain-rudolf,"Heidenhain, Rudolf",1,1856,1856,116604948,"Heidenhain, Rudolf",Q75917,1.0,1.0,sicher,1834.0,1897.0,True,Arzt; Physiologe,Kaiserlich Leopoldinisch-Carolinische Deutsche Akademie der Naturforscher
himstedt-franz,"Himstedt, Franz",1,1885,1885,116894075,"Himstedt, Franz",Q126384,0.825,0.825,sicher,1852.0,1933.0,False,Physiker,Kaiserlich Leopoldinisch-Carolinische Deutsche Akademie der Naturforscher; Albert-Ludwigs-Universität Freiburg; Technische Hochschule Darmstadt
hincks-edward,"Hincks, Edward",1,1866,1866,117525073,"Hincks, Edward",Q454770,0.67,0.67,unsicher,1792.0,1866.0,False,Philologe,
hittorf-wilhelm,"Hittorf, Wilhelm",1,1898,1898,119321157,"Hittorf, Johann Wilhelm",Q60428,0.92,0.92,sicher,1824.0,1914.0,True,Physiker; Chemiker; Hochschullehrer,Westfälische Wilhelms-Universität Münster
hoffory-julius,"Hoffory, Julius",1,1885,1885,116943246,"Hoffory, Julius",Q6309856,0.75,0.75,sicher,1855.0,1897.0,False,Philologe; Germanist; Wissenschaftler,
hensen-victor,"Hensen, Victor",1,1890,1890,118549340,"Hensen, Victor",Q70116,1.0,1.0,sicher,1835.0,1924.0,True,Biologe; Physiologe; Hochschullehrer,Christian-Albrechts-Universität zu Kiel. Medizinische Fakultät; Kaiserlich Leopoldinisch-Carolinische Deutsche Akademie der Naturforscher; Christian-Albrechts-Universität zu Kiel
heinricius-gustaf,"Heinricius, Gustaf",1,1889,1889,117513563,"Heinricius, Gustaf",Q5798061,0.75,0.75,sicher,1853.0,,False,Arzt,
heitz-emil,"Heitz, Emil",1,1889,1889,116678666,"Heitz, Emil",Q1336205,1.0,1.0,sicher,1825.0,1890.0,True,Klassischer Philologe; Kanoniker; Pädagoge,
heldreich-theodor-von,"Heldreich, Theodor von",1,1883,1883,116682949,"Heldreich, Theodor von",Q39008,0.825,0.825,sicher,1822.0,1902.0,False,Biologe; Botaniker,Kaiserlich Leopoldinisch-Carolinische Deutsche Akademie der Naturforscher; Botanikos Kēpos (Athen)
helmert-friedrich-robert,"Helmert, Friedrich Robert",1,1896,1896,118773879,"Helmert, Friedrich Robert",Q45161,1.0,1.0,sicher,1843.0,1917.0,True,Geodät,Kaiserlich Leopoldinisch-Carolinische Deutsche Akademie der Naturforscher; Geodätisches Institut (Potsdam)
walther-samuel,"Walther, Samuel",1,1740,1740,135956757,"Walther, Samuel",Q2218924,1.0,0.43,sicher,1679.0,1754.0,True,Gymnasiallehrer; Rektor; Historiker; Schriftsteller,Königliche Akademie der Wissenschaften (Berlin)
wangerin-albert,"Wangerin, Albert",1,1878,1878,117137499,"Wangerin, Albert",Q71052,0.825,0.825,sicher,1844.0,1933.0,False,Mathematiker; Oberlehrer; Lehrer; Hochschullehrer,Kaiserlich Leopoldinisch-Carolinische Deutsche Akademie der Naturforscher; Friedrich-Wilhelms-Universität Berlin; Vereinigte Friedrichs-Universität Halle-Wittenberg
weber-friedrich-rudolph,"Weber, Friedrich Rudolph",1,1866,1866,117158771,"Weber, Friedrich Rudolph",Q55900192,0.75,0.75,sicher,1829.0,1894.0,False,Chemiker; Hochschullehrer,
wilson-benjamin,"Wilson, Benjamin",1,1779,1779,117581151,"Wilson, Benjamin",,0.75,0.75,sicher,1721.0,1788.0,False,Maler; Wissenschaftler; Naturphilosoph,
yates-james,"Yates, James",1,1865,1865,116944153,"Yates, James",Q1410772,0.92,0.92,sicher,1789.0,1871.0,True,Archäologe; Geistlicher,
yvon-villarceau-antoine-joseph-francois,"Yvon-villarceau, Antoine Joseph François",1,1853,1853,,,,0.0,,kein_treffer,,,,,
wurtz-adolphe,"Würtz, Adolphe",1,1856,1856,117358959,"Wurtz, Adolphe",Q366051,1.0,1.0,sicher,1817.0,1884.0,True,Chemiker; Arzt,
auwers-artur-von,"Auwers, Artur von",1,1886,1886,116388765,"Auwers, Arthur von",Q57349,1.0,1.0,sicher,1838.0,1915.0,True,Astronom; Mathematiker,Kaiserlich Leopoldinisch-Carolinische Deutsche Akademie der Naturforscher; Astrophysikalisches Institut Potsdam; Königliche Akademie der Wissenschaften (Berlin)
baltzer-richard,"Baltzer, Richard",1,1861,1861,116046694,"Baltzer, Richard",Q97145,0.75,0.005,unsicher,1818.0,1887.0,False,Mathematiker; Hochschullehrer,Justus-Liebig-Universität Gießen
barbier-de-longpre-mlle,"Barbier De Longpré, Mlle",1,1776,1776,,,,0.0,,kein_treffer,,,,,
barros-e-vasconcellos-jose-joaquim-soares-de,"Barros E Vasconcellos, José Joaquim Soares de",1,1757,1757,122448936,"Barros e Vasconcellos, José Joaquim Soares de",Q10295916,0.75,0.75,sicher,1721.0,1793.0,False,Wissenschaftler,
wilse-jakob-nikolai,"Wilse, Jakob Nikolai",1,1781,1781,,,,0.0,,kein_treffer,,,,,
wetzstein-johann-gottfried,"Wetzstein, Johann Gottfried",1,1864,1864,118897845,"Wetzstein, Johann Gottfried",Q132312,0.65,0.65,unsicher,1815.0,1905.0,False,Orientalist; Konsul; Diplomat; Forschungsreisender,Humboldt-Universität zu Berlin
weyl-theodor,"Weyl, Theodor",1,1881,1881,117332585,"Weyl, Theodor",Q7781632,0.75,0.75,sicher,1851.0,1913.0,False,Chemiker; Arzt; Physiologe,Technische Hochschule Berlin
whitney-josiah-dwight,"Whitney, Josiah Dwight",1,1847,1847,117574856,"Whitney, Josiah Dwight",Q3493080,0.75,0.75,sicher,1819.0,1896.0,False,Geologe,
whitney-william-dwight,"Whitney, William Dwight",1,1859,1859,118928384,"Whitney, William Dwight",Q573847,1.0,1.0,sicher,1827.0,1894.0,True,Indologe; Philologe; Orientalist,
wiedemann-gustav-heinrich,"Wiedemann, Gustav Heinrich",1,1885,1885,117353590,"Wiedemann, Gustav Heinrich",Q62108,1.0,1.0,sicher,1826.0,1899.0,True,Physiker; Chemiker; Hochschullehrer,Kaiserlich Leopoldinisch-Carolinische Deutsche Akademie der Naturforscher
wietlisbach-victor,"Wietlisbach, Victor",1,1879,1879,1157502601,"Wietlisbach, Victor",,0.75,0.75,sicher,1854.0,1897.0,False,Elektrotechniker,
wilamowitz-moellendorff-ulrich-von,"Wilamowitz-moellendorff, Ulrich von",1,1887,1887,11877171X,"Wilamowitz-Moellendorff, Ulrich von",Q61863,1.0,1.0,sicher,1848.0,1931.0,True,Klassischer Philologe; Gräzist; Hochschullehrer; Geheimer Rat,Georg-August-Universität Göttingen; Königliche Universität zu Greifswald; Friedrich-Wilhelms-Universität Berlin
francheville-de,"Francheville, de",1,1784,1784,10428496X,"Du Fresne de Francheville, Joseph",Q3184871,0.565,0.095,unsicher,1704.0,1781.0,False,Archäologe; Historiker; Übersetzer; Selbstverleger,Kaiserlich Leopoldinisch-Carolinische Deutsche Akademie der Naturforscher
frech-fritz,"Frech, Fritz",1,1896,1896,117536733,"Frech, Fritz",Q1449612,0.75,0.75,sicher,1861.0,1917.0,False,Geologe; Paläontologe,Paläontologische Gesellschaft; Universität Breslau
wunsch-christian-ernst,"Wünsch, Christian Ernst",1,1793,1793,119059150,"Wünsch, Christian Ernst",Q110221,1.0,1.0,sicher,1744.0,1828.0,True,Mathematiker; Physiker; Arzt,
zimmer-heinrich,"Zimmer, Heinrich",1,1891,1891,116993588,"Zimmer, Heinrich",Q76954,1.0,0.43,sicher,1851.0,1910.0,True,Keltologe; Indogermanist; Indologe; Linguist,
zincken-gen-sommer-hans,"Zincken gen. Sommer, Hans",1,1876,1876,116911514,"Sommer, Hans",Q741034,0.75,0.672,sicher,1837.0,1922.0,False,Komponist; Musikschriftsteller; Mathematiker; Physiker,Herzogliches Collegium Carolinum Braunschweig; Herzogliche Polytechnische Schule Braunschweig; Technische Hochschule Braunschweig
zoller-philipp,"Zöller, Philipp",1,1875,1875,117009849,"Zöller, Philipp",Q2087351,0.75,0.75,sicher,1832.0,1885.0,False,Agrikulturchemiker,
zopf-wilhelm,"Zopf, Wilhelm",1,1881,1881,117602671,"Zopf, Wilhelm",Q68099,0.825,0.175,sicher,1846.0,1909.0,False,Botaniker,Kryptogamisches Laboratorium (Halle (Saale)); Kaiserlich Leopoldinisch-Carolinische Deutsche Akademie der Naturforscher
abeleven-abraham,"Abeleven, Abraham",1,1770,1770,,,,0.0,,kein_treffer,,,,,
arons-leo,"Arons, Leo",1,1890,1890,116353023,"Arons, Leo",Q88641,0.75,0.75,sicher,1860.0,1919.0,False,Politiker; Physiker; Hochschullehrer,Sozialdemokratische Partei Deutschlands
ascherson-paul,"Ascherson, Paul",1,1866,1866,116360755,"Ascherson, Paul",Q61290,0.825,0.825,sicher,1834.0,1913.0,False,Botaniker; Geograf; Historiker; Ethnologe,"Friedrich-Wilhelms-Universität Berlin; Berliner Gesellschaft für Anthropologie, Ethnologie und Urgeschichte; Kaiserlich Leopoldinisch-Carolinische Deutsche Akademie der Naturforscher"
aschoff-hermann,"Aschoff, Hermann",1,1860,1860,122077765X,"Aschoff, Hermann",,0.65,0.1,unsicher,,,False,Chemiker,
assmann-richard,"Assmann, Richard",1,1887,1887,116211350,"Assmann, Richard",Q65308,0.825,0.175,sicher,1845.0,1918.0,False,Meteorologe; Arzt,Justus-Liebig-Universität Gießen; Aeronautisches Observatorium (Berlin); Preußisches Meteorologisches Institut
afdejew,Afdejew,1,1842,1842,,,,0.0,,kein_treffer,,,,,
alton-eduard-d,"Alton, Eduard d'",1,1833,1833,119061341,"Alton, Eduard d'",Q67413,0.825,0.0,unsicher,1772.0,1840.0,False,Anatom; Archäologe; Kupferstecher; Radierer,Kaiserlich Leopoldinisch-Carolinische Deutsche Akademie der Naturforscher
ameghino-florentineo,"Ameghino, Florentineo",1,1886,1886,,,,0.0,,kein_treffer,,,,,
argenson-marc-antoine-rene-de-voyer-de-paulmy-marquis-d,"Argenson, Marc Antoine René de Voyer de Paulmy Marquis d'",1,1748,1748,118796380,"Argenson, René Louis de Voyer d'",Q1393507,0.75,0.025,unsicher,1694.0,1757.0,False,Politiker; Minister; Philosoph,
