quelle,typ,ziel,ziel_vorhanden
094924228,Übersetzung,094952450,True
094976171,Übersetzung,094897557,True
094938598,Übersetzung,094909237,True
094946361,Übersetzung,094930635,True
09490698X,Übersetzung,094938369,True
094901481,Übersetzung,094958564,True
094958491,Übersetzung,094954372,True
094945330,Verweis,NEU-094945330-1,True
094956340,Verweis,NEU-094956340-2,True
094966869,Verweis,094929823,True
094929823,Verweis,094966869,True
094934142,Auszug,NEU-094934142-3,True
094926832,Auszug,NEU-094926832-4,True
NEU-094934142-3,Volltext,094934142,True
NEU-094926832-4,Volltext,094926832,True
094945861,Verweis,NEU-094945861-5,True
094945942,Verweis,NEU-094945942-6,True
094950334,Verweis,NEU-094950334-7,True
094912947,Verweis,NEU-094912947-8,True
094955808,Verweis,NEU-094955808-9,True
094955824,Verweis,NEU-094955824-10,True
09495836X,Verweis,NEU-09495836X-11,True
09496078X,Verweis,NEU-09496078X-12,True
094962464,Verweis,NEU-094962464-13,True
094897565,Verweis,NEU-094897565-14,True
094956731,Verweis,NEU-094956731-15,True
094957096,Verweis,NEU-094957096-16,True
094951187,Verweis,NEU-094951187-17,True
094975892,Verweis,NEU-094975892-18,True
094952450,Original,094924228,True
094897557,Original,094976171,True
094909237,Original,094938598,True
094930635,Original,094946361,True
094938369,Original,09490698X,True
094958564,Original,094901481,True
094954372,Original,094958491,True
NEU-094945330-1,Verweis,094945330,True
NEU-094956340-2,Verweis,094956340,True
NEU-094945861-5,Verweis,094945861,True
NEU-094945942-6,Verweis,094945942,True
NEU-09496078X-12,Verweis,09496078X,True
NEU-09495836X-11,Verweis,09495836X,True
NEU-094956731-15,Verweis,094956731,True
NEU-094950334-7,Verweis,094950334,True
NEU-094912947-8,Verweis,094912947,True
NEU-094955824-10,Verweis,094955824,True
NEU-094955808-9,Verweis,094955808,True
NEU-094897565-14,Verweis,094897565,True
NEU-094957096-16,Verweis,094957096,True
NEU-094962464-13,Verweis,094962464,True
NEU-094951187-17,Verweis,094951187,True
NEU-094975892-18,Verweis,094975892,True
094952523,Verweis,094937079,True
094939837,Verweis,094927391,True
NEU-094942315-19,Verweis,094942315,True
094946191,Original,094942528,True
094920206,Original,09496629X,True
094965617,Original,094898715,True
094958483,Original,094897948,True
09497134X,Verweis,094939705,True
09497134X,Verweis,09493049X,True
09497134X,Verweis,094967601,True
094927391,Verweis,094939837,True
094927529,Original,094927049,True
094925615,Verweis,094925542,True
094925615,Verweis,09491785X,True
094925615,Verweis,094930538,True
094971196,Original,094927545,True
094970610,Original,094940940,True
094943117,Original,094975426,True
094939705,Verweis,09497134X,True
094960410,Original,094903700,True
094947309,Original,094975906,True
094946612,Verweis,094952264,True
094925542,Verweis,094925615,True
094901937,Original,094970874,True
094902895,Original,094966923,True
09495741X,Original,094925631,True
09493049X,Verweis,09497134X,True
094951691,Verweis,094918643,True
09492628X,Original,094975418,True
094952264,Verweis,094946612,True
094918643,Verweis,094951691,True
094967601,Verweis,09497134X,True
09491785X,Verweis,094925615,True
094942315,Verweis,NEU-094942315-19,True
094938261,Original,09497599X,True
094975833,Verweis,094975825,True
094923426,Original,094975965,True
094930538,Verweis,094925615,True
09492242X,Verweis,094939721,True
09492998X,Original,094963924,True
094959285,Original,094961905,True
094947317,Original,094930554,True
09491883X,Original,094967059,True
094930317,Original,094928134,True
09494850X,Original,094929793,True
09494850X,Original,094930058,True
09494850X,Original,094897603,True
09494850X,Original,094927634,True
09494850X,Original,094926697,True
094901139,Original,094923248,True
094912602,Original,094975310,True
09496274X,Original,094902704,True
094945349,Original,094941793,True
094923132,Original,094901112,True
094926557,Original,094975728,True
094905894,Original,094906777,True
094939721,Verweis,09492242X,True
094948518,Original,094929793,True
094948518,Original,094930058,True
094948518,Original,094897603,True
094948518,Original,094927634,True
094948518,Original,094926697,True
094970548,Original,094929793,True
094970548,Original,094930058,True
094970548,Original,094897603,True
094970548,Original,094927634,True
094970548,Original,094926697,True
094975825,Verweis,094975833,True
094971064,Original,094947058,True
094975876,Original,094930457,True
094948461,Original,094959331,True
094948380,Original,094917027,True
094929912,Original,094975469,True
094918856,Original,094928010,True
094957401,Original,094970114,True
094969868,Original,094929793,True
094969868,Original,094930058,True
094969868,Original,094897603,True
094969868,Original,094927634,True
094969868,Original,094926697,True
094975787,Original,094960585,True
094937079,Verweis,094952523,True
094942528,Übersetzung,094946191,True
09496629X,Übersetzung,094920206,True
094898715,Übersetzung,094965617,True
094897948,Übersetzung,094958483,True
094927545,Übersetzung,094971196,True
094940940,Übersetzung,094970610,True
094903700,Übersetzung,094960410,True
094927049,Übersetzung,094927529,True
094970874,Übersetzung,094901937,True
094975906,Übersetzung,094947309,True
09497599X,Übersetzung,094938261,True
094975965,Übersetzung,094923426,True
094925631,Übersetzung,09495741X,True
094966923,Übersetzung,094902895,True
094930554,Übersetzung,094947317,True
094975426,Übersetzung,094943117,True
094975418,Übersetzung,09492628X,True
094929793,Übersetzung,09494850X,True
094929793,Übersetzung,094948518,True
094929793,Übersetzung,094970548,True
094929793,Übersetzung,094969868,True
094963924,Übersetzung,09492998X,True
094961905,Übersetzung,094959285,True
094975310,Übersetzung,094912602,True
094901112,Übersetzung,094923132,True
094902704,Übersetzung,09496274X,True
094941793,Übersetzung,094945349,True
094923248,Übersetzung,094901139,True
094975728,Übersetzung,094926557,True
094967059,Übersetzung,09491883X,True
094928134,Übersetzung,094930317,True
094906777,Übersetzung,094905894,True
094930058,Übersetzung,09494850X,True
094930058,Übersetzung,094948518,True
094930058,Übersetzung,094970548,True
094930058,Übersetzung,094969868,True
094897603,Übersetzung,09494850X,True
094897603,Übersetzung,094948518,True
094897603,Übersetzung,094970548,True
094897603,Übersetzung,094969868,True
094927634,Übersetzung,09494850X,True
094927634,Übersetzung,094948518,True
094927634,Übersetzung,094970548,True
094927634,Übersetzung,094969868,True
094947058,Übersetzung,094971064,True
094959331,Übersetzung,094948461,True
094917027,Übersetzung,094948380,True
094975469,Übersetzung,094929912,True
094928010,Übersetzung,094918856,True
094970114,Übersetzung,094957401,True
094930457,Übersetzung,094975876,True
094926697,Übersetzung,09494850X,True
094926697,Übersetzung,094948518,True
094926697,Übersetzung,094970548,True
094926697,Übersetzung,094969868,True
094960585,Übersetzung,094975787,True
094915067,Fortsetzung,094909199,True
094971242,Verweis,09497778X,True
094971242,Verweis,094977771,True
09492564X,Fortsetzung,094909199,True
094975655,Verweis,09497778X,True
094975655,Verweis,094977771,True
094930368,Fortsetzung,094909199,True
094930368,Fortsetzung,094903492,True
094903492,Fortsetzung,094909199,True
094903492,Hauptteil,094930368,True
094899533,Verweis,09491768X,True
094899533,Verweis,094920257,True
094899533,Verweis,094927871,True
094899533,Verweis,094900493,True
094899533,Verweis,094927596,True
094899533,Verweis,094899363,True
094899533,Verweis,094907951,True
094899533,Verweis,094929653,True
094899533,Verweis,094926840,True
094899533,Verweis,094929629,True
094964734,Verweis,094957207,True
094964734,Verweis,094975396,True
094930678,Verweis,094927979,True
094930678,Verweis,094897425,True
094930678,Verweis,094919992,True
094930678,Verweis,09492791X,True
094925062,Verweis,09495805X,True
094957207,Verweis,094964734,True
094927979,Verweis,094930678,True
094956987,Verweis,094959137,True
094909199,Hauptteil,094915067,True
094909199,Hauptteil,09492564X,True
094909199,Hauptteil,094930368,True
094909199,Hauptteil,094903492,True
094909199,Hauptteil,094921172,True
094897425,Verweis,094930678,True
09497778X,Verweis,094971242,True
09497778X,Verweis,094975655,True
09497778X,Verweis,094977771,True
094975396,Verweis,094964734,True
094977771,Verweis,094971242,True
094977771,Verweis,094975655,True
094977771,Verweis,09497778X,True
094919992,Verweis,094930678,True
094975361,Verweis,094974489,True
094975361,Verweis,094898642,True
094959137,Verweis,094956987,True
09492791X,Verweis,094930678,True
09491768X,Verweis,094899533,True
094920257,Verweis,094899533,True
094927871,Verweis,094899533,True
094933510,Verweis,094954399,True
094974985,Verweis,094950458,True
094977763,Verweis,094927081,True
094975205,Verweis,094904014,True
094975191,Auszug,094975264,True
094975191,Verweis,094975264,True
09494072X,Auszug,NEU-09494072X-20,True
09494072X,Verweis,094957878,True
094940908,Verweis,094905916,True
094940908,Verweis,094940738,True
094915113,Auszug,094927553,True
094954585,Auszug,NEU-094954585-21,True
094954585,Verweis,094958092,True
094900493,Verweis,094899533,True
094930511,Verweis,094969337,True
094930511,Verweis,09492788X,True
094930511,Verweis,094974608,True
094929246,Auszug,NEU-094929246-22,True
094927731,Auszug,094923469,True
094927731,Verweis,094923469,True
09495920X,Verweis,094957886,True
09495920X,Verweis,094958572,True
09495920X,Verweis,094961999,True
09495920X,Verweis,094974519,True
094950059,Auszug,NEU-094950059-23,True
094950059,Verweis,094960941,True
094953945,Auszug,NEU-094953945-24,True
094953945,Verweis,094937796,True
094927596,Verweis,094899533,True
09497442X,Auszug,094975213,True
09497442X,Verweis,094975213,True
094899363,Verweis,094899533,True
094963630,Fortsetzung,094955042,True
094932085,Auszug,094953740,True
094962677,Auszug,094974616,True
094951616,Verweis,094954348,True
094951616,Verweis,094930589,True
094961778,Verweis,094974365,True
094961778,Verweis,094916209,True
094974179,Auszug,094932107,True
094974179,Verweis,094932107,True
094954089,Auszug,NEU-094954089-25,True
094974489,Verweis,094975361,True
094959463,Auszug,094965676,True
094959463,Verweis,094965676,True
094905053,Verweis,09490362X,True
094905053,Verweis,094902666,True
094928940,Verweis,094966370,True
094952078,Verweis,094974004,True
094974284,Auszug,094974322,True
094974284,Verweis,094974322,True
094953384,Verweis,094953589,True
09495710X,Verweis,094973989,True
094946523,Verweis,094927464,True
094974101,Verweis,094973997,True
094974101,Verweis,094970572,True
094974101,Verweis,094916993,True
09494038X,Auszug,NEU-09494038X-26,True
09494038X,Verweis,094974071,True
094973997,Verweis,094974101,True
094973377,Verweis,094951462,True
094956111,Verweis,094937753,True
094936854,Verweis,094946809,True
094936854,Verweis,094974187,True
09492824X,Auszug,NEU-09492824X-28,True
09492824X,Verweis,094970556,True
094962650,Auszug,NEU-094962650-27,True
094962650,Verweis,094947392,True
094965927,Verweis,094977593,True
094939926,Verweis,094961239,True
094970408,Verweis,094959625,True
094954747,Auszug,094974195,True
094954747,Verweis,094974195,True
094964335,Verweis,094964858,True
094957193,Verweis,094957959,True
094928126,Verweis,094973822,True
094959676,Verweis,094963673,True
094960771,Nachtrag,094955905,True
094960771,Verweis,094955905,True
094973423,Verweis,094973229,True
094973423,Verweis,094953104,True
094973423,Verweis,094919763,True
094970505,Verweis,094959498,True
094937575,Auszug,09497358X,True
094937575,Verweis,09497358X,True
094915423,Verweis,NEU-094915423-29,True
094915423,Verweis,094963673,True
094953325,Verweis,094970262,True
094973091,Auszug,094959587,True
094898812,Verweis,094967385,True
NEU-094959587-43,Verweis,094959587,True
094973229,Verweis,094973423,True
094973229,Hauptteil,094953104,True
094973229,Hauptteil,094919763,True
094955905,Hauptteil,094960771,True
094955905,Verweis,094960771,True
094977585,Verweis,094962332,True
094966370,Verweis,094928940,True
094929564,Verweis,094942846,True
094947643,Verweis,094972958,True
NEU-094933774-46,Verweis,094933774,True
094938725,Auszug,NEU-094938725-30,True
094951462,Verweis,094973377,True
094965625,Verweis,094972729,True
09495058X,Verweis,094915970,True
094972370,Auszug,094972680,True
09489888X,Auszug,094926719,True
09497215X,Auszug,094963126,True
094963037,Verweis,094953244,True
094970572,Verweis,094974101,True
094971587,Verweis,094913072,True
094946957,Hauptteil,09495707X,True
094946469,Auszug,NEU-094946469-32,True
094924392,Auszug,094938601,True
094905916,Verweis,094940908,True
094948828,Auszug,094956898,True
094959722,Verweis,09491897X,True
094971897,Verweis,09494721X,True
094954801,Auszug,094969310,True
094954801,Auszug,NEU-094954801-33,True
09494721X,Verweis,094971897,True
094977429,Auszug,094960259,True
094955085,Nachtrag,094922470,True
094920133,Verweis,094970327,True
094953708,Verweis,09494184X,True
094948305,Auszug,094952191,True
094971870,Auszug,094899398,True
094971870,Verweis,094899398,True
094966524,Fortsetzung,094917590,True
094917590,Hauptteil,094966524,True
094971722,Verweis,094937389,True
09497036X,Nachtrag,094968462,True
09497036X,Verweis,094968462,True
094930996,Fortsetzung,094918252,True
094918252,Hauptteil,094930996,True
094954674,Nachtrag,094936951,True
094937389,Verweis,094971722,True
094917213,Fortsetzung,094969930,True
094969930,Hauptteil,094917213,True
094904022,Fortsetzung,094948186,True
094948186,Hauptteil,094904022,True
094953082,Fortsetzung,094957703,True
094904014,Verweis,094975205,True
094957703,Hauptteil,094953082,True
094927553,Volltext,094915113,True
094946701,Fortsetzung,094975256,True
094975256,Hauptteil,094946701,True
095005994,Fortsetzung,095006001,True
095006001,Hauptteil,095005994,True
094950458,Verweis,094974985,True
094927081,Verweis,094977763,True
NEU-09494072X-20,Volltext,09494072X,True
NEU-094954585-21,Volltext,094954585,True
094975264,Volltext,094975191,True
094975264,Verweis,094975191,True
094975213,Volltext,09497442X,True
094975213,Verweis,09497442X,True
094957878,Verweis,09494072X,True
094958092,Verweis,094954585,True
NEU-094929246-22,Volltext,094929246,True
094953740,Volltext,094932085,True
094969337,Verweis,094930511,True
094969337,Fortsetzung,09492788X,True
NEU-094974608-34,Volltext,094974608,True
09492788X,Verweis,094930511,True
09492788X,Volltext,094974608,True
09492788X,Hauptteil,094969337,True
094903506,Fortsetzung,094900094,True
094922810,Nachtrag,094902100,True
NEU-094902100-36,Verweis,094902100,True
094907951,Verweis,094899533,True
094954399,Verweis,094933510,True
094900094,Hauptteil,094903506,True
094921172,Fortsetzung,094909199,True
094974608,Verweis,094930511,True
094974608,Auszug,NEU-094974608-34,True
094974608,Auszug,09492788X,True
094923469,Volltext,094927731,True
094923469,Verweis,094927731,True
094974616,Volltext,094962677,True
094957886,Verweis,09495920X,True
094958572,Verweis,09495920X,True
094929653,Verweis,094899533,True
094929653,Fortsetzung,094926840,True
094926840,Verweis,094899533,True
094926840,Hauptteil,094929653,True
094902100,Hauptteil,094922810,True
094902100,Verweis,NEU-094902100-36,True
094961999,Verweis,09495920X,True
094970726,Fortsetzung,094959196,True
094960941,Verweis,094950059,True
NEU-094950059-23,Volltext,094950059,True
094937796,Verweis,094953945,True
NEU-094953945-24,Volltext,094953945,True
094974519,Verweis,09495920X,True
09497070X,Fortsetzung,094974683,True
094946809,Verweis,094936854,True
094946809,Auszug,NEU-094946809-37,True
NEU-094974187-39,Volltext,094974187,True
094974683,Hauptteil,09497070X,True
094965676,Volltext,094959463,True
094965676,Verweis,094959463,True
094929203,Fortsetzung,094955042,True
094959196,Hauptteil,094970726,True
094927936,Verweis,094958009,True
094932107,Volltext,094974179,True
094932107,Verweis,094974179,True
094929629,Verweis,094899533,True
094954348,Verweis,094951616,True
094954348,Auszug,094930589,True
094954348,Volltext,094930589,True
094958009,Verweis,094927936,True
094914869,Fortsetzung,094914036,True
094955042,Hauptteil,094963630,True
094955042,Hauptteil,094929203,True
094914036,Hauptteil,094914869,True
094974365,Verweis,094961778,True
094974365,Auszug,NEU-094974365-38,True
094974365,Volltext,094916209,True
094959129,Hauptteil,094946728,True
094946728,Fortsetzung,094959129,True
094898642,Verweis,094975361,True
NEU-094974365-38,Volltext,094974365,True
094930589,Volltext,094954348,True
094930589,Verweis,094951616,True
094930589,Auszug,094954348,True
094916209,Verweis,094961778,True
094916209,Auszug,094974365,True
094974462,Fortsetzung,094974128,True
094974128,Hauptteil,094974462,True
094924880,Fortsetzung,095005986,True
094924880,Fortsetzung,09500601X,True
095005986,Hauptteil,094924880,True
09500601X,Hauptteil,094924880,True
NEU-094954089-25,Volltext,094954089,True
09490362X,Verweis,094905053,True
094977704,Nachtrag,094977690,True
094977690,Hauptteil,094977704,True
094953589,Verweis,094953384,True
094974004,Verweis,094952078,True
094961581,Auszug,09497232X,True
094961581,Volltext,09497232X,True
094966346,Fortsetzung,094970777,True
094970777,Hauptteil,094966346,True
094902666,Verweis,094905053,True
094973989,Verweis,09495710X,True
094974322,Volltext,094974284,True
094974322,Verweis,094974284,True
09497232X,Volltext,094961581,True
09497232X,Auszug,094961581,True
094927464,Verweis,094946523,True
094974187,Verweis,094936854,True
094974187,Auszug,NEU-094974187-39,True
NEU-094946809-37,Volltext,094946809,True
094947392,Verweis,094962650,True
NEU-094962650-27,Volltext,094962650,True
094961794,Antwort,NEU-ANTWORT-1,True
NEU-ANTWORT-1,Antrittsrede,094961794,True
094916993,Verweis,094974101,True
094937753,Verweis,094956111,True
094974071,Verweis,09494038X,True
NEU-09494038X-26,Volltext,09494038X,True
09493990X,Verweis,NEU-09493990X-40,True
09497408X,Fortsetzung,094911258,True
094961239,Verweis,094939926,True
094911258,Hauptteil,09497408X,True
094933979,Antwort,NEU-ANTWORT-2,True
NEU-ANTWORT-2,Antrittsrede,094933979,True
094974195,Volltext,094954747,True
094974195,Verweis,094954747,True
NEU-09492824X-28,Volltext,09492824X,True
09495805X,Verweis,094925062,True
NEU-09493990X-40,Verweis,09493990X,True
094964858,Verweis,094964335,True
094973784,Verweis,NEU-094973784-41,True
094970556,Verweis,09492824X,True
NEU-094973784-41,Verweis,094973784,True
094959625,Verweis,094970408,True
094957959,Verweis,094957193,True
094973822,Verweis,094928126,True
094959498,Verweis,094970505,True
094953104,Verweis,094973423,True
094953104,Nachtrag,094973229,True
094953104,Auszug,NEU-094953104-42,True
NEU-094915423-29,Verweis,094915423,True
09497358X,Volltext,094937575,True
09497358X,Verweis,094937575,True
094963673,Verweis,094959676,True
094963673,Verweis,094915423,True
094970262,Verweis,094953325,True
094951004,Antwort,NEU-ANTWORT-3,True
094952949,Antwort,NEU-ANTWORT-3,True
094929831,Antwort,NEU-ANTWORT-3,True
NEU-ANTWORT-3,Antrittsrede,094951004,True
NEU-ANTWORT-3,Antrittsrede,094952949,True
NEU-ANTWORT-3,Antrittsrede,094929831,True
094967385,Verweis,094898812,True
094942846,Verweis,094929564,True
094959587,Volltext,094973091,True
094959587,Verweis,NEU-094959587-43,True
NEU-094953104-42,Volltext,094953104,True
094957533,Fortsetzung,094961735,True
094919909,Verweis,094917558,True
094919909,Verweis,094928215,True
094973083,Antwort,NEU-ANTWORT-4,True
094973113,Antwort,NEU-ANTWORT-4,True
NEU-ANTWORT-4,Antrittsrede,094973083,True
NEU-ANTWORT-4,Antrittsrede,094973113,True
094956758,Antwort,NEU-ANTWORT-5,True
09497327X,Antwort,NEU-ANTWORT-5,True
NEU-ANTWORT-5,Antrittsrede,094956758,True
NEU-ANTWORT-5,Antrittsrede,09497327X,True
NEU-ANTWORT-5,Antrittsrede,094957142,True
094977593,Verweis,094965927,True
094962332,Verweis,094977585,True
094961735,Hauptteil,094957533,True
NEU-094969515-45,Verweis,094969515,True
094919763,Verweis,094973423,True
094919763,Nachtrag,094973229,True
094957142,Antwort,NEU-ANTWORT-5,True
094953279,Nachtrag,NEU-094953279-44,True
094917558,Verweis,094919909,True
094972958,Verweis,094947643,True
094968063,Verweis,094959579,True
NEU-094953279-44,Hauptteil,094953279,True
094960526,Antwort,NEU-ANTWORT-6,True
094960372,Antwort,NEU-ANTWORT-6,True
NEU-ANTWORT-6,Antrittsrede,094960526,True
NEU-ANTWORT-6,Antrittsrede,094960372,True
094962251,Antwort,NEU-ANTWORT-7,True
NEU-ANTWORT-7,Antrittsrede,094962251,True
094969515,Verweis,NEU-094969515-45,True
094959579,Verweis,094968063,True
094928215,Verweis,094919909,True
NEU-094938725-30,Volltext,094938725,True
094915970,Verweis,09495058X,True
094972753,Verweis,094913404,True
094921334,Antwort,NEU-ANTWORT-8,True
NEU-ANTWORT-8,Antrittsrede,094921334,True
094972680,Volltext,094972370,True
094963126,Volltext,09497215X,True
094972729,Verweis,094965625,True
094933774,Verweis,NEU-094933774-46,True
094926719,Volltext,09489888X,True
094926719,Fortsetzung,094926689,True
094921229,Antwort,NEU-ANTWORT-9,True
094960011,Antwort,NEU-ANTWORT-9,True
NEU-ANTWORT-9,Antrittsrede,094921229,True
NEU-ANTWORT-9,Antrittsrede,094960011,True
094972230,Antwort,NEU-ANTWORT-10,True
094921350,Antwort,NEU-ANTWORT-10,True
NEU-ANTWORT-10,Antrittsrede,094972230,True
NEU-ANTWORT-10,Antrittsrede,094921350,True
094936676,Nachtrag,094963770,True
094936676,Verweis,094963770,True
NEU-094907420-47,Verweis,094907420,True
094926689,Hauptteil,094926719,True
094959897,Fortsetzung,094970181,True
094970181,Hauptteil,094959897,True
094963770,Hauptteil,094936676,True
094963770,Verweis,094936676,True
094953244,Verweis,094963037,True
094913072,Verweis,094971587,True
094913404,Verweis,094972753,True
094903255,Antwort,NEU-ANTWORT-11,True
NEU-ANTWORT-11,Antrittsrede,094903255,True
094903999,Antwort,NEU-ANTWORT-12,True
NEU-ANTWORT-12,Antrittsrede,094903999,True
094907420,Verweis,NEU-094907420-47,True
094933111,Antwort,NEU-ANTWORT-13,True
NEU-ANTWORT-13,Antrittsrede,094933111,True
094948534,Verweis,094899746,True
09493813X,Nachtrag,094955417,True
NEU-094955417-93,Verweis,094955417,True
NEU-094954704-108,Verweis,094954704,True
09495707X,Nachtrag,094946957,True
094938601,Volltext,094924392,True
094977224,Nachtrag,094960127,True
094977224,Verweis,094960127,True
094899746,Verweis,094948534,True
094915687,Antwort,NEU-ANTWORT-14,True
094934436,Antwort,NEU-ANTWORT-14,True
094923302,Antwort,NEU-ANTWORT-14,True
NEU-ANTWORT-14,Antrittsrede,094915687,True
NEU-ANTWORT-14,Antrittsrede,094934436,True
NEU-ANTWORT-14,Antrittsrede,094923302,True
NEU-094946469-32,Volltext,094946469,True
094923035,Verweis,094911614,True
094956898,Volltext,094948828,True
094924074,Antwort,NEU-ANTWORT-15,True
NEU-ANTWORT-15,Antrittsrede,094924074,True
NEU-094917604-50,Verweis,094917604,True
094940738,Verweis,094940908,True
094918791,Verweis,NEU-094918791-48,True
094927405,Verweis,094978263,True
094927405,Verweis,094978255,True
094927405,Verweis,094978247,True
094927405,Verweis,094978239,True
094927405,Verweis,094978220,True
094927405,Verweis,094977011,True
094927405,Verweis,NEU-094927405-49,True
094927405,Verweis,094976937,True
094927405,Verweis,094976953,True
094927405,Verweis,094978212,True
094927405,Verweis,094978204,True
094927405,Verweis,094978190,True
094927405,Verweis,094976945,True
094927405,Verweis,094976929,True
094927405,Verweis,094978182,True
094927405,Verweis,094978174,True
094927405,Verweis,094978166,True
094927405,Verweis,094978158,True
094927405,Verweis,09497814X,True
094927405,Verweis,094978131,True
094927405,Verweis,094978123,True
094927405,Verweis,094978115,True
094927405,Verweis,094978107,True
094927405,Verweis,094978093,True
094927405,Verweis,094978085,True
094927405,Verweis,094978077,True
094927405,Verweis,094978069,True
094927405,Verweis,094978050,True
094927405,Verweis,094978042,True
094927405,Verweis,094976880,True
094927405,Verweis,094978034,True
094927405,Verweis,094947325,True
094927405,Verweis,094978026,True
094927405,Verweis,094916306,True
094927405,Verweis,094977127,True
094927405,Verweis,09497702X,True
094927405,Verweis,094978301,True
094927405,Verweis,094978298,True
094927405,Verweis,09497828X,True
094927405,Verweis,094978271,True
094927405,Verweis,09490524X,True
094917604,Verweis,NEU-094917604-50,True
094969310,Volltext,094954801,True
09491897X,Verweis,094959722,True
094977127,Verweis,094927405,True
094977127,Verweis,NEU-094977127-51,True
094977127,Verweis,09497702X,True
094977127,Verweis,094978301,True
094977127,Verweis,094978298,True
094977127,Verweis,09497828X,True
094977127,Verweis,094978271,True
094977127,Verweis,094978263,True
094977127,Verweis,094978255,True
094977127,Verweis,094978247,True
094977127,Verweis,094978239,True
094977127,Verweis,094978220,True
094977127,Verweis,094977011,True
094977127,Verweis,NEU-094977127-52,True
094977127,Verweis,094976937,True
094977127,Verweis,094976953,True
094977127,Verweis,094978212,True
094977127,Verweis,094978204,True
094977127,Verweis,094978190,True
094977127,Verweis,094976945,True
094977127,Verweis,094976929,True
094977127,Verweis,094978182,True
094977127,Verweis,094978174,True
094977127,Verweis,094978166,True
094977127,Verweis,094978158,True
094977127,Verweis,09497814X,True
094977127,Verweis,094978131,True
094977127,Verweis,094978123,True
094977127,Verweis,094978115,True
094977127,Verweis,094978107,True
094977127,Verweis,094978093,True
094977127,Verweis,094978085,True
094977127,Verweis,094978077,True
094977127,Verweis,094978069,True
094977127,Verweis,094978050,True
094977127,Verweis,094978042,True
094977127,Verweis,094976880,True
094977127,Verweis,094978034,True
094977127,Verweis,094947325,True
094977127,Verweis,094978026,True
094977127,Verweis,094916306,True
094977127,Verweis,09490524X,True
NEU-094977127-51,Verweis,094977127,True
09497702X,Verweis,094977127,True
09497702X,Verweis,094927405,True
09497702X,Verweis,NEU-09497702X-53,True
09497702X,Verweis,094978301,True
09497702X,Verweis,094978298,True
09497702X,Verweis,09497828X,True
09497702X,Verweis,094978271,True
09497702X,Verweis,094978263,True
09497702X,Verweis,094978255,True
09497702X,Verweis,094978247,True
09497702X,Verweis,094978239,True
09497702X,Verweis,094978220,True
09497702X,Verweis,094977011,True
09497702X,Verweis,NEU-09497702X-54,True
09497702X,Verweis,094976937,True
09497702X,Verweis,094976953,True
09497702X,Verweis,094978212,True
09497702X,Verweis,094978204,True
09497702X,Verweis,094978190,True
09497702X,Verweis,094976945,True
09497702X,Verweis,094976929,True
09497702X,Verweis,094978182,True
09497702X,Verweis,094978174,True
09497702X,Verweis,094978166,True
09497702X,Verweis,094978158,True
09497702X,Verweis,09497814X,True
09497702X,Verweis,094978131,True
09497702X,Verweis,094978123,True
09497702X,Verweis,094978115,True
09497702X,Verweis,094978107,True
09497702X,Verweis,094978093,True
09497702X,Verweis,094978085,True
09497702X,Verweis,094978077,True
09497702X,Verweis,094978069,True
09497702X,Verweis,094978050,True
09497702X,Verweis,094978042,True
09497702X,Verweis,094976880,True
09497702X,Verweis,094978034,True
09497702X,Verweis,094947325,True
09497702X,Verweis,094978026,True
09497702X,Verweis,094916306,True
09497702X,Verweis,09490524X,True
NEU-09497702X-53,Verweis,09497702X,True
094978301,Verweis,094977127,True
094978301,Verweis,09497702X,True
094978301,Verweis,094927405,True
094978301,Verweis,NEU-094978301-55,True
094978301,Verweis,094978298,True
094978301,Verweis,09497828X,True
094978301,Verweis,094978271,True
094978301,Verweis,094978263,True
094978301,Verweis,094978255,True
094978301,Verweis,094978247,True
094978301,Verweis,094978239,True
094978301,Verweis,094978220,True
094978301,Verweis,094977011,True
094978301,Verweis,NEU-094978301-56,True
094978301,Verweis,094976937,True
094978301,Verweis,094976953,True
094978301,Verweis,094978212,True
094978301,Verweis,094978204,True
094978301,Verweis,094978190,True
094978301,Verweis,094976945,True
094978301,Verweis,094976929,True
094978301,Verweis,094978182,True
094978301,Verweis,094978174,True
094978301,Verweis,094978166,True
094978301,Verweis,094978158,True
094978301,Verweis,09497814X,True
094978301,Verweis,094978131,True
094978301,Verweis,094978123,True
094978301,Verweis,094978115,True
094978301,Verweis,094978107,True
094978301,Verweis,094978093,True
094978301,Verweis,094978085,True
094978301,Verweis,094978077,True
094978301,Verweis,094978069,True
094978301,Verweis,094978050,True
094978301,Verweis,094978042,True
094978301,Verweis,094976880,True
094978301,Verweis,094978034,True
094978301,Verweis,094947325,True
094978301,Verweis,094978026,True
094978301,Verweis,094916306,True
094978301,Verweis,09490524X,True
NEU-094978301-55,Verweis,094978301,True
094919364,Verweis,094966222,True
094919364,Verweis,NEU-094919364-57,True
094919364,Verweis,NEU-094919364-58,True
094919364,Verweis,NEU-094919364-59,True
094919364,Verweis,NEU-094919364-60,True
094978298,Verweis,094977127,True
094978298,Verweis,09497702X,True
094978298,Verweis,094978301,True
094978298,Verweis,094927405,True
094978298,Verweis,NEU-094978298-61,True
094978298,Verweis,09497828X,True
094978298,Verweis,094978271,True
094978298,Verweis,094978263,True
094978298,Verweis,094978255,True
094978298,Verweis,094978247,True
094978298,Verweis,094978239,True
094978298,Verweis,094978220,True
094978298,Verweis,094977011,True
094978298,Verweis,NEU-094978298-62,True
094978298,Verweis,094976937,True
094978298,Verweis,094976953,True
094978298,Verweis,094978212,True
094978298,Verweis,094978204,True
094978298,Verweis,094978190,True
094978298,Verweis,094976945,True
094978298,Verweis,094976929,True
094978298,Verweis,094978182,True
094978298,Verweis,094978174,True
094978298,Verweis,094978166,True
094978298,Verweis,094978158,True
094978298,Verweis,09497814X,True
094978298,Verweis,094978131,True
094978298,Verweis,094978123,True
094978298,Verweis,094978115,True
094978298,Verweis,094978107,True
094978298,Verweis,094978093,True
094978298,Verweis,094978085,True
094978298,Verweis,094978077,True
094978298,Verweis,094978069,True
094978298,Verweis,094978050,True
094978298,Verweis,094978042,True
094978298,Verweis,094976880,True
094978298,Verweis,094978034,True
094978298,Verweis,094947325,True
094978298,Verweis,094978026,True
094978298,Verweis,094916306,True
094978298,Verweis,09490524X,True
NEU-094978298-61,Verweis,094978298,True
NEU-094966222-67,Verweis,094966222,True
NEU-094918791-48,Verweis,094918791,True
09492368X,Antwort,NEU-ANTWORT-16,True
094922845,Antwort,NEU-ANTWORT-16,True
094922837,Antwort,NEU-ANTWORT-16,True
NEU-ANTWORT-16,Antrittsrede,09492368X,True
NEU-ANTWORT-16,Antrittsrede,094922845,True
NEU-ANTWORT-16,Antrittsrede,094922837,True
09494296X,Antwort,NEU-ANTWORT-17,True
NEU-ANTWORT-17,Antrittsrede,09494296X,True
NEU-094966222-68,Verweis,094966222,True
09497828X,Verweis,094977127,True
09497828X,Verweis,09497702X,True
09497828X,Verweis,094978301,True
09497828X,Verweis,094978298,True
09497828X,Verweis,094927405,True
09497828X,Verweis,NEU-09497828X-63,True
09497828X,Verweis,094978271,True
09497828X,Verweis,094978263,True
09497828X,Verweis,094978255,True
09497828X,Verweis,094978247,True
09497828X,Verweis,094978239,True
09497828X,Verweis,094978220,True
09497828X,Verweis,094977011,True
09497828X,Verweis,NEU-09497828X-64,True
09497828X,Verweis,094976937,True
09497828X,Verweis,094976953,True
09497828X,Verweis,094978212,True
09497828X,Verweis,094978204,True
09497828X,Verweis,094978190,True
09497828X,Verweis,094976945,True
09497828X,Verweis,094976929,True
09497828X,Verweis,094978182,True
09497828X,Verweis,094978174,True
09497828X,Verweis,094978166,True
09497828X,Verweis,094978158,True
09497828X,Verweis,09497814X,True
09497828X,Verweis,094978131,True
09497828X,Verweis,094978123,True
09497828X,Verweis,094978115,True
09497828X,Verweis,094978107,True
09497828X,Verweis,094978093,True
09497828X,Verweis,094978085,True
09497828X,Verweis,094978077,True
09497828X,Verweis,094978069,True
09497828X,Verweis,094978050,True
09497828X,Verweis,094978042,True
09497828X,Verweis,094976880,True
09497828X,Verweis,094978034,True
09497828X,Verweis,094947325,True
09497828X,Verweis,094978026,True
09497828X,Verweis,094916306,True
09497828X,Verweis,09490524X,True
NEU-09497828X-63,Verweis,09497828X,True
094899657,Verweis,094932573,True
094899657,Verweis,09493276X,True
NEU-094954801-33,Volltext,094954801,True
094978271,Verweis,094977127,True
094978271,Verweis,09497702X,True
094978271,Verweis,094978301,True
094978271,Verweis,094978298,True
094978271,Verweis,09497828X,True
094978271,Verweis,094927405,True
094978271,Verweis,NEU-094978271-65,True
094978271,Verweis,094978263,True
094978271,Verweis,094978255,True
094978271,Verweis,094978247,True
094978271,Verweis,094978239,True
094978271,Verweis,094978220,True
094978271,Verweis,094977011,True
094978271,Verweis,NEU-094978271-66,True
094978271,Verweis,094976937,True
094978271,Verweis,094976953,True
094978271,Verweis,094978212,True
094978271,Verweis,094978204,True
094978271,Verweis,094978190,True
094978271,Verweis,094976945,True
094978271,Verweis,094976929,True
094978271,Verweis,094978182,True
094978271,Verweis,094978174,True
094978271,Verweis,094978166,True
094978271,Verweis,094978158,True
094978271,Verweis,09497814X,True
094978271,Verweis,094978131,True
094978271,Verweis,094978123,True
094978271,Verweis,094978115,True
094978271,Verweis,094978107,True
094978271,Verweis,094978093,True
094978271,Verweis,094978085,True
094978271,Verweis,094978077,True
094978271,Verweis,094978069,True
094978271,Verweis,094978050,True
094978271,Verweis,094978042,True
094978271,Verweis,094976880,True
094978271,Verweis,094978034,True
094978271,Verweis,094947325,True
094978271,Verweis,094978026,True
094978271,Verweis,094916306,True
094978271,Verweis,09490524X,True
NEU-094978271-65,Verweis,094978271,True
NEU-094966222-69,Verweis,094966222,True
094966222,Verweis,094919364,True
094966222,Verweis,NEU-094966222-67,True
094966222,Verweis,NEU-094966222-68,True
094966222,Verweis,NEU-094966222-69,True
094978263,Verweis,094927405,True
094978263,Verweis,094977127,True
094978263,Verweis,09497702X,True
094978263,Verweis,094978301,True
094978263,Verweis,094978298,True
094978263,Verweis,09497828X,True
094978263,Verweis,094978271,True
094978263,Verweis,NEU-094978263-70,True
094978263,Verweis,094978255,True
094978263,Verweis,094978247,True
094978263,Verweis,094978239,True
094978263,Verweis,094978220,True
094978263,Verweis,094977011,True
094978263,Verweis,NEU-094978263-71,True
094978263,Verweis,094976937,True
094978263,Verweis,094976953,True
094978263,Verweis,094978212,True
094978263,Verweis,094978204,True
094978263,Verweis,094978190,True
094978263,Verweis,094976945,True
094978263,Verweis,094976929,True
094978263,Verweis,094978182,True
094978263,Verweis,094978174,True
094978263,Verweis,094978166,True
094978263,Verweis,094978158,True
094978263,Verweis,09497814X,True
094978263,Verweis,094978131,True
094978263,Verweis,094978123,True
094978263,Verweis,094978115,True
094978263,Verweis,094978107,True
094978263,Verweis,094978093,True
094978263,Verweis,094978085,True
094978263,Verweis,094978077,True
094978263,Verweis,094978069,True
094978263,Verweis,094978050,True
094978263,Verweis,094978042,True
094978263,Verweis,094976880,True
094978263,Verweis,094978034,True
094978263,Verweis,094947325,True
094978263,Verweis,094978026,True
094978263,Verweis,094916306,True
094978263,Verweis,09490524X,True
NEU-094978263-70,Verweis,094978263,True
094978255,Verweis,094927405,True
094978255,Verweis,094977127,True
094978255,Verweis,09497702X,True
094978255,Verweis,094978301,True
094978255,Verweis,094978298,True
094978255,Verweis,09497828X,True
094978255,Verweis,094978271,True
094978255,Verweis,094978263,True
094978255,Verweis,NEU-094978255-72,True
094978255,Verweis,094978247,True
094978255,Verweis,094978239,True
094978255,Verweis,094978220,True
094978255,Verweis,094977011,True
094978255,Verweis,NEU-094978255-73,True
094978255,Verweis,094976937,True
094978255,Verweis,094976953,True
094978255,Verweis,094978212,True
094978255,Verweis,094978204,True
094978255,Verweis,094978190,True
094978255,Verweis,094976945,True
094978255,Verweis,094976929,True
094978255,Verweis,094978182,True
094978255,Verweis,094978174,True
094978255,Verweis,094978166,True
094978255,Verweis,094978158,True
094978255,Verweis,09497814X,True
094978255,Verweis,094978131,True
094978255,Verweis,094978123,True
094978255,Verweis,094978115,True
094978255,Verweis,094978107,True
094978255,Verweis,094978093,True
094978255,Verweis,094978085,True
094978255,Verweis,094978077,True
094978255,Verweis,094978069,True
094978255,Verweis,094978050,True
094978255,Verweis,094978042,True
094978255,Verweis,094976880,True
094978255,Verweis,094978034,True
094978255,Verweis,094947325,True
094978255,Verweis,094978026,True
094978255,Verweis,09490524X,True
094978255,Verweis,094916306,True
NEU-094978255-72,Verweis,094978255,True
094978247,Verweis,094927405,True
094978247,Verweis,094977127,True
094978247,Verweis,09497702X,True
094978247,Verweis,094978301,True
094978247,Verweis,094978298,True
094978247,Verweis,09497828X,True
094978247,Verweis,094978271,True
094978247,Verweis,094978263,True
094978247,Verweis,094978255,True
094978247,Verweis,NEU-094978247-74,True
094978247,Verweis,094978239,True
094978247,Verweis,094978220,True
094978247,Verweis,094977011,True
094978247,Verweis,NEU-094978247-75,True
094978247,Verweis,094976937,True
094978247,Verweis,094976953,True
094978247,Verweis,094978212,True
094978247,Verweis,094978204,True
094978247,Verweis,094978190,True
094978247,Verweis,094976945,True
094978247,Verweis,094976929,True
094978247,Verweis,094978182,True
094978247,Verweis,094978174,True
094978247,Verweis,094978166,True
094978247,Verweis,094978158,True
094978247,Verweis,09497814X,True
094978247,Verweis,094978131,True
094978247,Verweis,094978123,True
094978247,Verweis,094978115,True
094978247,Verweis,094978107,True
094978247,Verweis,094978093,True
094978247,Verweis,094978085,True
094978247,Verweis,094978077,True
094978247,Verweis,094978069,True
094978247,Verweis,094978050,True
094978247,Verweis,094978042,True
094978247,Verweis,094976880,True
094978247,Verweis,094978034,True
094978247,Verweis,094947325,True
094978247,Verweis,094978026,True
094978247,Verweis,094916306,True
094978247,Verweis,09490524X,True
NEU-094978247-74,Verweis,094978247,True
NEU-094919364-57,Verweis,094919364,True
094915288,Verweis,094921865,True
NEU-094919364-58,Verweis,094919364,True
094978239,Verweis,094927405,True
094978239,Verweis,094977127,True
094978239,Verweis,09497702X,True
094978239,Verweis,094978301,True
094978239,Verweis,094978298,True
094978239,Verweis,09497828X,True
094978239,Verweis,094978271,True
094978239,Verweis,094978263,True
094978239,Verweis,094978255,True
094978239,Verweis,094978247,True
094978239,Verweis,NEU-094978239-76,True
094978239,Verweis,094978220,True
094978239,Verweis,094977011,True
094978239,Verweis,NEU-094978239-77,True
094978239,Verweis,094976937,True
094978239,Verweis,094976953,True
094978239,Verweis,094978212,True
094978239,Verweis,094978204,True
094978239,Verweis,094978190,True
094978239,Verweis,094976945,True
094978239,Verweis,094976929,True
094978239,Verweis,094978182,True
094978239,Verweis,094978174,True
094978239,Verweis,094978166,True
094978239,Verweis,094978158,True
094978239,Verweis,09497814X,True
094978239,Verweis,094978131,True
094978239,Verweis,094978123,True
094978239,Verweis,094978115,True
094978239,Verweis,094978107,True
094978239,Verweis,094978093,True
094978239,Verweis,094978085,True
094978239,Verweis,094978077,True
094978239,Verweis,094978069,True
094978239,Verweis,094978050,True
094978239,Verweis,094978042,True
094978239,Verweis,094976880,True
094978239,Verweis,094978034,True
094978239,Verweis,094947325,True
094978239,Verweis,094978026,True
094978239,Verweis,094916306,True
094978239,Verweis,09490524X,True
NEU-094978239-76,Verweis,094978239,True
094903859,Antwort,NEU-ANTWORT-18,True
NEU-ANTWORT-18,Antrittsrede,094903859,True
094978220,Verweis,094927405,True
094978220,Verweis,094977127,True
094978220,Verweis,09497702X,True
094978220,Verweis,094978301,True
094978220,Verweis,094978298,True
094978220,Verweis,09497828X,True
094978220,Verweis,094978271,True
094978220,Verweis,094978263,True
094978220,Verweis,094978255,True
094978220,Verweis,094978247,True
094978220,Verweis,094978239,True
094978220,Verweis,NEU-094978220-78,True
094978220,Verweis,094977011,True
094978220,Verweis,NEU-094978220-79,True
094978220,Verweis,094976937,True
094978220,Verweis,094976953,True
094978220,Verweis,094978212,True
094978220,Verweis,094978204,True
094978220,Verweis,094978190,True
094978220,Verweis,094976945,True
094978220,Verweis,094976929,True
094978220,Verweis,094978182,True
094978220,Verweis,094978174,True
094978220,Verweis,094978166,True
094978220,Verweis,094978158,True
094978220,Verweis,09497814X,True
094978220,Verweis,094978131,True
094978220,Verweis,094978123,True
094978220,Verweis,094978115,True
094978220,Verweis,094978107,True
094978220,Verweis,094978093,True
094978220,Verweis,094978085,True
094978220,Verweis,094978077,True
094978220,Verweis,094978069,True
094978220,Verweis,094978050,True
094978220,Verweis,094978042,True
094978220,Verweis,094976880,True
094978220,Verweis,094978034,True
094978220,Verweis,094947325,True
094978220,Verweis,094978026,True
094978220,Verweis,094916306,True
094978220,Verweis,09490524X,True
NEU-094978220-78,Verweis,094978220,True
NEU-094919364-59,Verweis,094919364,True
094977011,Verweis,094927405,True
094977011,Verweis,094977127,True
094977011,Verweis,09497702X,True
094977011,Verweis,094978301,True
094977011,Verweis,094978298,True
094977011,Verweis,09497828X,True
094977011,Verweis,094978271,True
094977011,Verweis,094978263,True
094977011,Verweis,094978255,True
094977011,Verweis,094978247,True
094977011,Verweis,094978239,True
094977011,Verweis,094978220,True
094977011,Verweis,NEU-094977011-80,True
094977011,Verweis,NEU-094977011-81,True
094977011,Verweis,094976937,True
094977011,Verweis,094976953,True
094977011,Verweis,094978212,True
094977011,Verweis,094978204,True
094977011,Verweis,094978190,True
094977011,Verweis,094976945,True
094977011,Verweis,094976929,True
094977011,Verweis,094978182,True
094977011,Verweis,094978174,True
094977011,Verweis,094978166,True
094977011,Verweis,094978158,True
094977011,Verweis,09497814X,True
094977011,Verweis,094978131,True
094977011,Verweis,094978123,True
094977011,Verweis,094978115,True
094977011,Verweis,094978107,True
094977011,Verweis,094978093,True
094977011,Verweis,094978085,True
094977011,Verweis,094978077,True
094977011,Verweis,094978069,True
094977011,Verweis,094978050,True
094977011,Verweis,094978042,True
094977011,Verweis,094976880,True
094977011,Verweis,094978034,True
094977011,Verweis,094947325,True
094977011,Verweis,094978026,True
094977011,Verweis,094916306,True
094977011,Verweis,09490524X,True
NEU-094977011-80,Verweis,094977011,True
094932573,Verweis,094899657,True
094932573,Verweis,NEU-094932573-82,True
094932573,Verweis,09493276X,True
NEU-094919364-60,Verweis,094919364,True
094918589,Verweis,09490524X,True
09490524X,Verweis,094927405,True
09490524X,Verweis,094977127,True
09490524X,Verweis,09497702X,True
09490524X,Verweis,094978301,True
09490524X,Verweis,094978298,True
09490524X,Verweis,09497828X,True
09490524X,Verweis,094978271,True
09490524X,Verweis,094978263,True
09490524X,Verweis,094978255,True
09490524X,Verweis,094978247,True
09490524X,Verweis,094978239,True
09490524X,Verweis,094978220,True
09490524X,Verweis,094977011,True
09490524X,Verweis,094918589,True
09490524X,Verweis,094976937,True
09490524X,Verweis,094976953,True
09490524X,Verweis,094978212,True
09490524X,Verweis,094978204,True
09490524X,Verweis,094978190,True
09490524X,Verweis,094976945,True
09490524X,Verweis,094976929,True
09490524X,Verweis,094978182,True
09490524X,Verweis,094978174,True
09490524X,Verweis,094978166,True
09490524X,Verweis,094978158,True
09490524X,Verweis,09497814X,True
09490524X,Verweis,094978131,True
09490524X,Verweis,094978123,True
09490524X,Verweis,094978115,True
09490524X,Verweis,094978107,True
09490524X,Verweis,094978093,True
09490524X,Verweis,094978085,True
09490524X,Verweis,094978077,True
09490524X,Verweis,094978069,True
09490524X,Verweis,094978050,True
09490524X,Verweis,094978042,True
09490524X,Verweis,094976880,True
09490524X,Verweis,094978034,True
09490524X,Verweis,094947325,True
09490524X,Verweis,094978026,True
09490524X,Verweis,094916306,True
NEU-094927405-49,Verweis,094927405,True
NEU-094977127-52,Verweis,094977127,True
NEU-09497702X-54,Verweis,09497702X,True
NEU-094978301-56,Verweis,094978301,True
NEU-094978298-62,Verweis,094978298,True
NEU-09497828X-64,Verweis,09497828X,True
NEU-094978271-66,Verweis,094978271,True
NEU-094978263-71,Verweis,094978263,True
NEU-094978255-73,Verweis,094978255,True
NEU-094978247-75,Verweis,094978247,True
NEU-094978239-77,Verweis,094978239,True
NEU-094978220-79,Verweis,094978220,True
NEU-094977011-81,Verweis,094977011,True
NEU-094976937-83,Verweis,094976937,True
NEU-094976953-85,Verweis,094976953,True
NEU-094978212-87,Verweis,094978212,True
NEU-094978204-89,Verweis,094978204,True
NEU-094978190-91,Verweis,094978190,True
NEU-094976945-94,Verweis,094976945,True
NEU-094976929-96,Verweis,094976929,True
NEU-094978182-98,Verweis,094978182,True
NEU-094978174-100,Verweis,094978174,True
NEU-094978166-104,Verweis,094978166,True
NEU-094978158-106,Verweis,094978158,True
NEU-09497814X-109,Verweis,09497814X,True
NEU-094978131-111,Verweis,094978131,True
NEU-094978123-113,Verweis,094978123,True
NEU-094978115-115,Verweis,094978115,True
NEU-094978107-117,Verweis,094978107,True
NEU-094978093-119,Verweis,094978093,True
NEU-094978085-121,Verweis,094978085,True
NEU-094978077-123,Verweis,094978077,True
NEU-094978069-126,Verweis,094978069,True
NEU-094978050-128,Verweis,094978050,True
NEU-094978042-130,Verweis,094978042,True
NEU-094976880-132,Verweis,094976880,True
NEU-094978034-134,Verweis,094978034,True
NEU-094947325-136,Verweis,094947325,True
NEU-094978026-140,Verweis,094978026,True
NEU-094916306-143,Verweis,094916306,True
094897875,Nachtrag,094969175,True
094976937,Verweis,094927405,True
094976937,Verweis,094977127,True
094976937,Verweis,09497702X,True
094976937,Verweis,094978301,True
094976937,Verweis,094978298,True
094976937,Verweis,09497828X,True
094976937,Verweis,094978271,True
094976937,Verweis,094978263,True
094976937,Verweis,094978255,True
094976937,Verweis,094978247,True
094976937,Verweis,094978239,True
094976937,Verweis,094978220,True
094976937,Verweis,094977011,True
094976937,Verweis,09490524X,True
094976937,Verweis,NEU-094976937-83,True
094976937,Verweis,NEU-094976937-84,True
094976937,Verweis,094976953,True
094976937,Verweis,094978212,True
094976937,Verweis,094978204,True
094976937,Verweis,094978190,True
094976937,Verweis,094976945,True
094976937,Verweis,094976929,True
094976937,Verweis,094978182,True
094976937,Verweis,094978174,True
094976937,Verweis,094978166,True
094976937,Verweis,094978158,True
094976937,Verweis,09497814X,True
094976937,Verweis,094978131,True
094976937,Verweis,094978123,True
094976937,Verweis,094978115,True
094976937,Verweis,094978107,True
094976937,Verweis,094978093,True
094976937,Verweis,094978085,True
094976937,Verweis,094978077,True
094976937,Verweis,094978069,True
094976937,Verweis,094978050,True
094976937,Verweis,094978042,True
094976937,Verweis,094976880,True
094976937,Verweis,094978034,True
094976937,Verweis,094947325,True
094976937,Verweis,094978026,True
094976937,Verweis,094916306,True
NEU-094976937-84,Verweis,094976937,True
094976953,Verweis,094927405,True
094976953,Verweis,094977127,True
094976953,Verweis,09497702X,True
094976953,Verweis,094978301,True
094976953,Verweis,094978298,True
094976953,Verweis,09497828X,True
094976953,Verweis,094978271,True
094976953,Verweis,094978263,True
094976953,Verweis,094978255,True
094976953,Verweis,094978247,True
094976953,Verweis,094978239,True
094976953,Verweis,094978220,True
094976953,Verweis,094977011,True
094976953,Verweis,09490524X,True
094976953,Verweis,094976937,True
094976953,Verweis,NEU-094976953-85,True
094976953,Verweis,NEU-094976953-86,True
094976953,Verweis,094978212,True
094976953,Verweis,094978204,True
094976953,Verweis,094978190,True
094976953,Verweis,094976945,True
094976953,Verweis,094976929,True
094976953,Verweis,094978182,True
094976953,Verweis,094978174,True
094976953,Verweis,094978166,True
094976953,Verweis,094978158,True
094976953,Verweis,09497814X,True
094976953,Verweis,094978131,True
094976953,Verweis,094978123,True
094976953,Verweis,094978115,True
094976953,Verweis,094978107,True
094976953,Verweis,094978093,True
094976953,Verweis,094978085,True
094976953,Verweis,094978077,True
094976953,Verweis,094978069,True
094976953,Verweis,094978050,True
094976953,Verweis,094978042,True
094976953,Verweis,094976880,True
094976953,Verweis,094978034,True
094976953,Verweis,094947325,True
094976953,Verweis,094978026,True
094976953,Verweis,094916306,True
NEU-094976953-86,Verweis,094976953,True
094966893,Verweis,094968446,True
094969175,Hauptteil,094897875,True
09493276X,Verweis,094899657,True
09493276X,Verweis,094932573,True
NEU-094932573-82,Verweis,094932573,True
094978212,Verweis,094927405,True
094978212,Verweis,094977127,True
094978212,Verweis,09497702X,True
094978212,Verweis,094978301,True
094978212,Verweis,094978298,True
094978212,Verweis,09497828X,True
094978212,Verweis,094978271,True
094978212,Verweis,094978263,True
094978212,Verweis,094978255,True
094978212,Verweis,094978247,True
094978212,Verweis,094978239,True
094978212,Verweis,094978220,True
094978212,Verweis,094977011,True
094978212,Verweis,09490524X,True
094978212,Verweis,094976937,True
094978212,Verweis,094976953,True
094978212,Verweis,NEU-094978212-87,True
094978212,Verweis,NEU-094978212-88,True
094978212,Verweis,094978204,True
094978212,Verweis,094978190,True
094978212,Verweis,094976945,True
094978212,Verweis,094976929,True
094978212,Verweis,094978182,True
094978212,Verweis,094978174,True
094978212,Verweis,094978166,True
094978212,Verweis,094978158,True
094978212,Verweis,09497814X,True
094978212,Verweis,094978131,True
094978212,Verweis,094978123,True
094978212,Verweis,094978115,True
094978212,Verweis,094978107,True
094978212,Verweis,094978093,True
094978212,Verweis,094978085,True
094978212,Verweis,094978077,True
094978212,Verweis,094978069,True
094978212,Verweis,094978050,True
094978212,Verweis,094978042,True
094978212,Verweis,094976880,True
094978212,Verweis,094978034,True
094978212,Verweis,094947325,True
094978212,Verweis,094978026,True
094978212,Verweis,094916306,True
NEU-094978212-88,Verweis,094978212,True
094921865,Verweis,094915288,True
094956820,Verweis,094931135,True
NEU-094968446-102,Verweis,094968446,True
094978204,Verweis,094927405,True
094978204,Verweis,094977127,True
094978204,Verweis,09497702X,True
094978204,Verweis,094978301,True
094978204,Verweis,094978298,True
094978204,Verweis,09497828X,True
094978204,Verweis,094978271,True
094978204,Verweis,094978263,True
094978204,Verweis,094978255,True
094978204,Verweis,094978247,True
094978204,Verweis,094978239,True
094978204,Verweis,094978220,True
094978204,Verweis,094977011,True
094978204,Verweis,09490524X,True
094978204,Verweis,094976937,True
094978204,Verweis,094976953,True
094978204,Verweis,094978212,True
094978204,Verweis,NEU-094978204-89,True
094978204,Verweis,NEU-094978204-90,True
094978204,Verweis,094978190,True
094978204,Verweis,094976945,True
094978204,Verweis,094976929,True
094978204,Verweis,094978182,True
094978204,Verweis,094978174,True
094978204,Verweis,094978166,True
094978204,Verweis,094978158,True
094978204,Verweis,09497814X,True
094978204,Verweis,094978131,True
094978204,Verweis,094978123,True
094978204,Verweis,094978115,True
094978204,Verweis,094978107,True
094978204,Verweis,094978093,True
094978204,Verweis,094978085,True
094978204,Verweis,094978077,True
094978204,Verweis,094978069,True
094978204,Verweis,094978050,True
094978204,Verweis,094978042,True
094978204,Verweis,094976880,True
094978204,Verweis,094978034,True
094978204,Verweis,094947325,True
094978204,Verweis,094978026,True
094978204,Verweis,094916306,True
NEU-094978204-90,Verweis,094978204,True
NEU-094968446-103,Verweis,094968446,True
094978190,Verweis,094927405,True
094978190,Verweis,094977127,True
094978190,Verweis,09497702X,True
094978190,Verweis,094978301,True
094978190,Verweis,094978298,True
094978190,Verweis,09497828X,True
094978190,Verweis,094978271,True
094978190,Verweis,094978263,True
094978190,Verweis,094978255,True
094978190,Verweis,094978247,True
094978190,Verweis,094978239,True
094978190,Verweis,094978220,True
094978190,Verweis,094977011,True
094978190,Verweis,09490524X,True
094978190,Verweis,094976937,True
094978190,Verweis,094976953,True
094978190,Verweis,094978212,True
094978190,Verweis,094978204,True
094978190,Verweis,NEU-094978190-91,True
094978190,Verweis,NEU-094978190-92,True
094978190,Verweis,094976945,True
094978190,Verweis,094976929,True
094978190,Verweis,094978182,True
094978190,Verweis,094978174,True
094978190,Verweis,094978166,True
094978190,Verweis,094978158,True
094978190,Verweis,09497814X,True
094978190,Verweis,094978131,True
094978190,Verweis,094978123,True
094978190,Verweis,094978115,True
094978190,Verweis,094978107,True
094978190,Verweis,094978093,True
094978190,Verweis,094978085,True
094978190,Verweis,094978077,True
094978190,Verweis,094978069,True
094978190,Verweis,094978050,True
094978190,Verweis,094978042,True
094978190,Verweis,094976880,True
094978190,Verweis,094978034,True
094978190,Verweis,094947325,True
094978190,Verweis,094978026,True
094978190,Verweis,094916306,True
NEU-094978190-92,Verweis,094978190,True
094960259,Volltext,094977429,True
094918635,Fortsetzung,094935394,True
094918635,Verweis,094935394,True
094931135,Verweis,094956820,True
094952191,Volltext,094948305,True
094955417,Hauptteil,09493813X,True
094955417,Verweis,NEU-094955417-93,True
094955417,Hauptteil,094954704,True
094970327,Verweis,094920133,True
094950350,Verweis,09496114X,True
094976945,Verweis,094927405,True
094976945,Verweis,094977127,True
094976945,Verweis,09497702X,True
094976945,Verweis,094978301,True
094976945,Verweis,094978298,True
094976945,Verweis,09497828X,True
094976945,Verweis,094978271,True
094976945,Verweis,094978263,True
094976945,Verweis,094978255,True
094976945,Verweis,094978247,True
094976945,Verweis,094978239,True
094976945,Verweis,094978220,True
094976945,Verweis,094977011,True
094976945,Verweis,09490524X,True
094976945,Verweis,094976937,True
094976945,Verweis,094976953,True
094976945,Verweis,094978212,True
094976945,Verweis,094978204,True
094976945,Verweis,094978190,True
094976945,Verweis,NEU-094976945-94,True
094976945,Verweis,NEU-094976945-95,True
094976945,Verweis,094976929,True
094976945,Verweis,094978182,True
094976945,Verweis,094978174,True
094976945,Verweis,094978166,True
094976945,Verweis,094978158,True
094976945,Verweis,09497814X,True
094976945,Verweis,094978131,True
094976945,Verweis,094978123,True
094976945,Verweis,094978115,True
094976945,Verweis,094978107,True
094976945,Verweis,094978093,True
094976945,Verweis,094978085,True
094976945,Verweis,094978077,True
094976945,Verweis,094978069,True
094976945,Verweis,094978050,True
094976945,Verweis,094978042,True
094976945,Verweis,094976880,True
094976945,Verweis,094978034,True
094976945,Verweis,094947325,True
094976945,Verweis,094978026,True
094976945,Verweis,094916306,True
NEU-094976945-95,Verweis,094976945,True
094935394,Hauptteil,094918635,True
094935394,Verweis,094918635,True
094976929,Verweis,094927405,True
094976929,Verweis,094977127,True
094976929,Verweis,09497702X,True
094976929,Verweis,094978301,True
094976929,Verweis,094978298,True
094976929,Verweis,09497828X,True
094976929,Verweis,094978271,True
094976929,Verweis,094978263,True
094976929,Verweis,094978255,True
094976929,Verweis,094978247,True
094976929,Verweis,094978239,True
094976929,Verweis,094978220,True
094976929,Verweis,094977011,True
094976929,Verweis,09490524X,True
094976929,Verweis,094976937,True
094976929,Verweis,094976953,True
094976929,Verweis,094978212,True
094976929,Verweis,094978204,True
094976929,Verweis,094978190,True
094976929,Verweis,094976945,True
094976929,Verweis,NEU-094976929-96,True
094976929,Verweis,NEU-094976929-97,True
094976929,Verweis,094978182,True
094976929,Verweis,094978174,True
094976929,Verweis,094978166,True
094976929,Verweis,094978158,True
094976929,Verweis,09497814X,True
094976929,Verweis,094978131,True
094976929,Verweis,094978123,True
094976929,Verweis,094978115,True
094976929,Verweis,094978107,True
094976929,Verweis,094978093,True
094976929,Verweis,094978085,True
094976929,Verweis,094978077,True
094976929,Verweis,094978069,True
094976929,Verweis,094978050,True
094976929,Verweis,094978042,True
094976929,Verweis,094976880,True
094976929,Verweis,094978034,True
094976929,Verweis,094947325,True
094976929,Verweis,094978026,True
094976929,Verweis,094916306,True
NEU-094976929-97,Verweis,094976929,True
094978182,Verweis,094927405,True
094978182,Verweis,094977127,True
094978182,Verweis,09497702X,True
094978182,Verweis,094978301,True
094978182,Verweis,094978298,True
094978182,Verweis,09497828X,True
094978182,Verweis,094978271,True
094978182,Verweis,094978263,True
094978182,Verweis,094978255,True
094978182,Verweis,094978247,True
094978182,Verweis,094978239,True
094978182,Verweis,094978220,True
094978182,Verweis,094977011,True
094978182,Verweis,09490524X,True
094978182,Verweis,094976937,True
094978182,Verweis,094976953,True
094978182,Verweis,094978212,True
094978182,Verweis,094978204,True
094978182,Verweis,094978190,True
094978182,Verweis,094976945,True
094978182,Verweis,094976929,True
094978182,Verweis,NEU-094978182-98,True
094978182,Verweis,NEU-094978182-99,True
094978182,Verweis,094978174,True
094978182,Verweis,094978166,True
094978182,Verweis,094978158,True
094978182,Verweis,09497814X,True
094978182,Verweis,094978131,True
094978182,Verweis,094978123,True
094978182,Verweis,094978115,True
094978182,Verweis,094978107,True
094978182,Verweis,094978093,True
094978182,Verweis,094978085,True
094978182,Verweis,094978077,True
094978182,Verweis,094978069,True
094978182,Verweis,094978050,True
094978182,Verweis,094978042,True
094978182,Verweis,094976880,True
094978182,Verweis,094978034,True
094978182,Verweis,094947325,True
094978182,Verweis,094978026,True
094978182,Verweis,094916306,True
NEU-094978182-99,Verweis,094978182,True
094978174,Verweis,094927405,True
094978174,Verweis,094977127,True
094978174,Verweis,09497702X,True
094978174,Verweis,094978301,True
094978174,Verweis,094978298,True
094978174,Verweis,09497828X,True
094978174,Verweis,094978271,True
094978174,Verweis,094978263,True
094978174,Verweis,094978255,True
094978174,Verweis,094978247,True
094978174,Verweis,094978239,True
094978174,Verweis,094978220,True
094978174,Verweis,094977011,True
094978174,Verweis,09490524X,True
094978174,Verweis,094976937,True
094978174,Verweis,094976953,True
094978174,Verweis,094978212,True
094978174,Verweis,094978204,True
094978174,Verweis,094978190,True
094978174,Verweis,094976945,True
094978174,Verweis,094976929,True
094978174,Verweis,094978182,True
094978174,Verweis,NEU-094978174-100,True
094978174,Verweis,NEU-094978174-101,True
094978174,Verweis,094978166,True
094978174,Verweis,094978158,True
094978174,Verweis,09497814X,True
094978174,Verweis,094978131,True
094978174,Verweis,094978123,True
094978174,Verweis,094978115,True
094978174,Verweis,094978107,True
094978174,Verweis,094978093,True
094978174,Verweis,094978085,True
094978174,Verweis,094978077,True
094978174,Verweis,094978069,True
094978174,Verweis,094978050,True
094978174,Verweis,094978042,True
094978174,Verweis,094976880,True
094978174,Verweis,094978034,True
094978174,Verweis,094947325,True
094978174,Verweis,094978026,True
094978174,Verweis,094916306,True
NEU-094978174-101,Verweis,094978174,True
094968446,Verweis,094966893,True
094968446,Verweis,NEU-094968446-102,True
094968446,Verweis,NEU-094968446-103,True
094922470,Hauptteil,094955085,True
094978166,Verweis,094927405,True
094978166,Verweis,094977127,True
094978166,Verweis,09497702X,True
094978166,Verweis,094978301,True
094978166,Verweis,094978298,True
094978166,Verweis,09497828X,True
094978166,Verweis,094978271,True
094978166,Verweis,094978263,True
094978166,Verweis,094978255,True
094978166,Verweis,094978247,True
094978166,Verweis,094978239,True
094978166,Verweis,094978220,True
094978166,Verweis,094977011,True
094978166,Verweis,09490524X,True
094978166,Verweis,094976937,True
094978166,Verweis,094976953,True
094978166,Verweis,094978212,True
094978166,Verweis,094978204,True
094978166,Verweis,094978190,True
094978166,Verweis,094976945,True
094978166,Verweis,094976929,True
094978166,Verweis,094978182,True
094978166,Verweis,094978174,True
094978166,Verweis,NEU-094978166-104,True
094978166,Verweis,NEU-094978166-105,True
094978166,Verweis,094978158,True
094978166,Verweis,09497814X,True
094978166,Verweis,094978131,True
094978166,Verweis,094978123,True
094978166,Verweis,094978115,True
094978166,Verweis,094978107,True
094978166,Verweis,094978093,True
094978166,Verweis,094978085,True
094978166,Verweis,094978077,True
094978166,Verweis,094978069,True
094978166,Verweis,094978050,True
094978166,Verweis,094978042,True
094978166,Verweis,094976880,True
094978166,Verweis,094978034,True
094978166,Verweis,094947325,True
094978166,Verweis,094978026,True
094978166,Verweis,094916306,True
NEU-094978166-105,Verweis,094978166,True
094978158,Verweis,094927405,True
094978158,Verweis,094977127,True
094978158,Verweis,09497702X,True
094978158,Verweis,094978301,True
094978158,Verweis,094978298,True
094978158,Verweis,09497828X,True
094978158,Verweis,094978271,True
094978158,Verweis,094978263,True
094978158,Verweis,094978255,True
094978158,Verweis,094978247,True
094978158,Verweis,094978239,True
094978158,Verweis,094978220,True
094978158,Verweis,094977011,True
094978158,Verweis,09490524X,True
094978158,Verweis,094976937,True
094978158,Verweis,094976953,True
094978158,Verweis,094978212,True
094978158,Verweis,094978204,True
094978158,Verweis,094978190,True
094978158,Verweis,094976945,True
094978158,Verweis,094976929,True
094978158,Verweis,094978182,True
094978158,Verweis,094978174,True
094978158,Verweis,094978166,True
094978158,Verweis,NEU-094978158-106,True
094978158,Verweis,NEU-094978158-107,True
094978158,Verweis,09497814X,True
094978158,Verweis,094978131,True
094978158,Verweis,094978123,True
094978158,Verweis,094978115,True
094978158,Verweis,094978107,True
094978158,Verweis,094978093,True
094978158,Verweis,094978085,True
094978158,Verweis,094978077,True
094978158,Verweis,094978069,True
094978158,Verweis,094978050,True
094978158,Verweis,094978042,True
094978158,Verweis,094976880,True
094978158,Verweis,094978034,True
094978158,Verweis,094947325,True
094978158,Verweis,094978026,True
094978158,Verweis,094916306,True
NEU-094978158-107,Verweis,094978158,True
094922993,Antwort,NEU-ANTWORT-19,True
094922209,Antwort,NEU-ANTWORT-19,True
NEU-ANTWORT-19,Antrittsrede,094922993,True
NEU-ANTWORT-19,Antrittsrede,094922209,True
09496114X,Verweis,094950350,True
094954704,Verweis,NEU-094954704-108,True
094954704,Nachtrag,094955417,True
094910502,Antwort,NEU-ANTWORT-20,True
NEU-ANTWORT-20,Antrittsrede,094910502,True
09497814X,Verweis,094927405,True
09497814X,Verweis,094977127,True
09497814X,Verweis,09497702X,True
09497814X,Verweis,094978301,True
09497814X,Verweis,094978298,True
09497814X,Verweis,09497828X,True
09497814X,Verweis,094978271,True
09497814X,Verweis,094978263,True
09497814X,Verweis,094978255,True
09497814X,Verweis,094978247,True
09497814X,Verweis,094978239,True
09497814X,Verweis,094978220,True
09497814X,Verweis,094977011,True
09497814X,Verweis,09490524X,True
09497814X,Verweis,094976937,True
09497814X,Verweis,094976953,True
09497814X,Verweis,094978212,True
09497814X,Verweis,094978204,True
09497814X,Verweis,094978190,True
09497814X,Verweis,094976945,True
09497814X,Verweis,094976929,True
09497814X,Verweis,094978182,True
09497814X,Verweis,094978174,True
09497814X,Verweis,094978166,True
09497814X,Verweis,094978158,True
09497814X,Verweis,NEU-09497814X-109,True
09497814X,Verweis,NEU-09497814X-110,True
09497814X,Verweis,094978131,True
09497814X,Verweis,094978123,True
09497814X,Verweis,094978115,True
09497814X,Verweis,094978107,True
09497814X,Verweis,094978093,True
09497814X,Verweis,094978085,True
09497814X,Verweis,094978077,True
09497814X,Verweis,094978069,True
09497814X,Verweis,094978050,True
09497814X,Verweis,094978042,True
09497814X,Verweis,094976880,True
09497814X,Verweis,094978034,True
09497814X,Verweis,094947325,True
09497814X,Verweis,094978026,True
09497814X,Verweis,094916306,True
NEU-09497814X-110,Verweis,09497814X,True
094978131,Verweis,094927405,True
094978131,Verweis,094977127,True
094978131,Verweis,09497702X,True
094978131,Verweis,094978301,True
094978131,Verweis,094978298,True
094978131,Verweis,09497828X,True
094978131,Verweis,094978271,True
094978131,Verweis,094978263,True
094978131,Verweis,094978255,True
094978131,Verweis,094978247,True
094978131,Verweis,094978239,True
094978131,Verweis,094978220,True
094978131,Verweis,094977011,True
094978131,Verweis,09490524X,True
094978131,Verweis,094976937,True
094978131,Verweis,094976953,True
094978131,Verweis,094978212,True
094978131,Verweis,094978204,True
094978131,Verweis,094978190,True
094978131,Verweis,094976945,True
094978131,Verweis,094976929,True
094978131,Verweis,094978182,True
094978131,Verweis,094978174,True
094978131,Verweis,094978166,True
094978131,Verweis,094978158,True
094978131,Verweis,09497814X,True
094978131,Verweis,NEU-094978131-111,True
094978131,Verweis,NEU-094978131-112,True
094978131,Verweis,094978123,True
094978131,Verweis,094978115,True
094978131,Verweis,094978107,True
094978131,Verweis,094978093,True
094978131,Verweis,094978085,True
094978131,Verweis,094978077,True
094978131,Verweis,094978069,True
094978131,Verweis,094978050,True
094978131,Verweis,094978042,True
094978131,Verweis,094976880,True
094978131,Verweis,094978034,True
094978131,Verweis,094947325,True
094978131,Verweis,094978026,True
094978131,Verweis,094916306,True
NEU-094978131-112,Verweis,094978131,True
094899398,Volltext,094971870,True
094899398,Verweis,094971870,True
094978123,Verweis,094927405,True
094978123,Verweis,094977127,True
094978123,Verweis,09497702X,True
094978123,Verweis,094978301,True
094978123,Verweis,094978298,True
094978123,Verweis,09497828X,True
094978123,Verweis,094978271,True
094978123,Verweis,094978263,True
094978123,Verweis,094978255,True
094978123,Verweis,094978247,True
094978123,Verweis,094978239,True
094978123,Verweis,094978220,True
094978123,Verweis,094977011,True
094978123,Verweis,09490524X,True
094978123,Verweis,094976937,True
094978123,Verweis,094976953,True
094978123,Verweis,094978212,True
094978123,Verweis,094978204,True
094978123,Verweis,094978190,True
094978123,Verweis,094976945,True
094978123,Verweis,094976929,True
094978123,Verweis,094978182,True
094978123,Verweis,094978174,True
094978123,Verweis,094978166,True
094978123,Verweis,094978158,True
094978123,Verweis,09497814X,True
094978123,Verweis,094978131,True
094978123,Verweis,NEU-094978123-113,True
094978123,Verweis,NEU-094978123-114,True
094978123,Verweis,094978115,True
094978123,Verweis,094978107,True
094978123,Verweis,094978093,True
094978123,Verweis,094978085,True
094978123,Verweis,094978077,True
094978123,Verweis,094978069,True
094978123,Verweis,094978050,True
094978123,Verweis,094978042,True
094978123,Verweis,094976880,True
094978123,Verweis,094978034,True
094978123,Verweis,094947325,True
094978123,Verweis,094978026,True
094978123,Verweis,094916306,True
NEU-094978123-114,Verweis,094978123,True
094978115,Verweis,094927405,True
094978115,Verweis,094977127,True
094978115,Verweis,09497702X,True
094978115,Verweis,094978301,True
094978115,Verweis,094978298,True
094978115,Verweis,09497828X,True
094978115,Verweis,094978271,True
094978115,Verweis,094978263,True
094978115,Verweis,094978255,True
094978115,Verweis,094978247,True
094978115,Verweis,094978239,True
094978115,Verweis,094978220,True
094978115,Verweis,094977011,True
094978115,Verweis,09490524X,True
094978115,Verweis,094976937,True
094978115,Verweis,094976953,True
094978115,Verweis,094978212,True
094978115,Verweis,094978204,True
094978115,Verweis,094978190,True
094978115,Verweis,094976945,True
094978115,Verweis,094976929,True
094978115,Verweis,094978182,True
094978115,Verweis,094978174,True
094978115,Verweis,094978166,True
094978115,Verweis,094978158,True
094978115,Verweis,09497814X,True
094978115,Verweis,094978131,True
094978115,Verweis,094978123,True
094978115,Verweis,NEU-094978115-115,True
094978115,Verweis,NEU-094978115-116,True
094978115,Verweis,094978107,True
094978115,Verweis,094978093,True
094978115,Verweis,094978085,True
094978115,Verweis,094978077,True
094978115,Verweis,094978069,True
094978115,Verweis,094978050,True
094978115,Verweis,094978042,True
094978115,Verweis,094976880,True
094978115,Verweis,094978034,True
094978115,Verweis,094947325,True
094978115,Verweis,094978026,True
094978115,Verweis,094916306,True
NEU-094978115-116,Verweis,094978115,True
094978107,Verweis,094927405,True
094978107,Verweis,094977127,True
094978107,Verweis,09497702X,True
094978107,Verweis,094978301,True
094978107,Verweis,094978298,True
094978107,Verweis,09497828X,True
094978107,Verweis,094978271,True
094978107,Verweis,094978263,True
094978107,Verweis,094978255,True
094978107,Verweis,094978247,True
094978107,Verweis,094978239,True
094978107,Verweis,094978220,True
094978107,Verweis,094977011,True
094978107,Verweis,09490524X,True
094978107,Verweis,094976937,True
094978107,Verweis,094976953,True
094978107,Verweis,094978212,True
094978107,Verweis,094978204,True
094978107,Verweis,094978190,True
094978107,Verweis,094976945,True
094978107,Verweis,094976929,True
094978107,Verweis,094978182,True
094978107,Verweis,094978174,True
094978107,Verweis,094978166,True
094978107,Verweis,094978158,True
094978107,Verweis,09497814X,True
094978107,Verweis,094978131,True
094978107,Verweis,094978123,True
094978107,Verweis,094978115,True
094978107,Verweis,NEU-094978107-117,True
094978107,Verweis,NEU-094978107-118,True
094978107,Verweis,094978093,True
094978107,Verweis,094978085,True
094978107,Verweis,094978077,True
094978107,Verweis,094978069,True
094978107,Verweis,094978050,True
094978107,Verweis,094978042,True
094978107,Verweis,094976880,True
094978107,Verweis,094978034,True
094978107,Verweis,094947325,True
094978107,Verweis,094978026,True
094978107,Verweis,094916306,True
NEU-094978107-118,Verweis,094978107,True
09493469X,Verweis,094907218,True
094978093,Verweis,094927405,True
094978093,Verweis,094977127,True
094978093,Verweis,09497702X,True
094978093,Verweis,094978301,True
094978093,Verweis,094978298,True
094978093,Verweis,09497828X,True
094978093,Verweis,094978271,True
094978093,Verweis,094978263,True
094978093,Verweis,094978255,True
094978093,Verweis,094978247,True
094978093,Verweis,094978239,True
094978093,Verweis,094978220,True
094978093,Verweis,094977011,True
094978093,Verweis,09490524X,True
094978093,Verweis,094976937,True
094978093,Verweis,094976953,True
094978093,Verweis,094978212,True
094978093,Verweis,094978204,True
094978093,Verweis,094978190,True
094978093,Verweis,094976945,True
094978093,Verweis,094976929,True
094978093,Verweis,094978182,True
094978093,Verweis,094978174,True
094978093,Verweis,094978166,True
094978093,Verweis,094978158,True
094978093,Verweis,09497814X,True
094978093,Verweis,094978131,True
094978093,Verweis,094978123,True
094978093,Verweis,094978115,True
094978093,Verweis,094978107,True
094978093,Verweis,NEU-094978093-119,True
094978093,Verweis,NEU-094978093-120,True
094978093,Verweis,094978085,True
094978093,Verweis,094978077,True
094978093,Verweis,094978069,True
094978093,Verweis,094978050,True
094978093,Verweis,094978042,True
094978093,Verweis,094976880,True
094978093,Verweis,094978034,True
094978093,Verweis,094947325,True
094978093,Verweis,094978026,True
094978093,Verweis,094916306,True
NEU-094978093-120,Verweis,094978093,True
094978085,Verweis,094927405,True
094978085,Verweis,094977127,True
094978085,Verweis,09497702X,True
094978085,Verweis,094978301,True
094978085,Verweis,094978298,True
094978085,Verweis,09497828X,True
094978085,Verweis,094978271,True
094978085,Verweis,094978263,True
094978085,Verweis,094978255,True
094978085,Verweis,094978247,True
094978085,Verweis,094978239,True
094978085,Verweis,094978220,True
094978085,Verweis,094977011,True
094978085,Verweis,09490524X,True
094978085,Verweis,094976937,True
094978085,Verweis,094976953,True
094978085,Verweis,094978212,True
094978085,Verweis,094978204,True
094978085,Verweis,094978190,True
094978085,Verweis,094976945,True
094978085,Verweis,094976929,True
094978085,Verweis,094978182,True
094978085,Verweis,094978174,True
094978085,Verweis,094978166,True
094978085,Verweis,094978158,True
094978085,Verweis,09497814X,True
094978085,Verweis,094978131,True
094978085,Verweis,094978123,True
094978085,Verweis,094978115,True
094978085,Verweis,094978107,True
094978085,Verweis,094978093,True
094978085,Verweis,NEU-094978085-121,True
094978085,Verweis,NEU-094978085-122,True
094978085,Verweis,094978077,True
094978085,Verweis,094978069,True
094978085,Verweis,094978050,True
094978085,Verweis,094978042,True
094978085,Verweis,094976880,True
094978085,Verweis,094978034,True
094978085,Verweis,094947325,True
094978085,Verweis,094978026,True
094978085,Verweis,094916306,True
NEU-094978085-122,Verweis,094978085,True
094978077,Verweis,094927405,True
094978077,Verweis,094977127,True
094978077,Verweis,09497702X,True
094978077,Verweis,094978301,True
094978077,Verweis,094978298,True
094978077,Verweis,09497828X,True
094978077,Verweis,094978271,True
094978077,Verweis,094978263,True
094978077,Verweis,094978255,True
094978077,Verweis,094978247,True
094978077,Verweis,094978239,True
094978077,Verweis,094978220,True
094978077,Verweis,094977011,True
094978077,Verweis,09490524X,True
094978077,Verweis,094976937,True
094978077,Verweis,094976953,True
094978077,Verweis,094978212,True
094978077,Verweis,094978204,True
094978077,Verweis,094978190,True
094978077,Verweis,094976945,True
094978077,Verweis,094976929,True
094978077,Verweis,094978182,True
094978077,Verweis,094978174,True
094978077,Verweis,094978166,True
094978077,Verweis,094978158,True
094978077,Verweis,09497814X,True
094978077,Verweis,094978131,True
094978077,Verweis,094978123,True
094978077,Verweis,094978115,True
094978077,Verweis,094978107,True
094978077,Verweis,094978093,True
094978077,Verweis,094978085,True
094978077,Verweis,NEU-094978077-123,True
094978077,Verweis,NEU-094978077-124,True
094978077,Verweis,094978069,True
094978077,Verweis,094978050,True
094978077,Verweis,094978042,True
094978077,Verweis,094976880,True
094978077,Verweis,094978034,True
094978077,Verweis,094947325,True
094978077,Verweis,094978026,True
094978077,Verweis,094916306,True
NEU-094978077-124,Verweis,094978077,True
094938679,Nachtrag,094955298,True
NEU-094955298-125,Verweis,094955298,True
094968977,Verweis,094949379,True
094968977,Verweis,094964882,True
094969507,Verweis,094915032,True
094907218,Verweis,09493469X,True
094961956,Verweis,094960887,True
094955298,Hauptteil,094938679,True
094955298,Verweis,NEU-094955298-125,True
094923744,Antwort,NEU-ANTWORT-21,True
NEU-ANTWORT-21,Antrittsrede,094923744,True
094915369,Antwort,NEU-ANTWORT-22,True
094914435,Antwort,NEU-ANTWORT-22,True
NEU-ANTWORT-22,Antrittsrede,094915369,True
NEU-ANTWORT-22,Antrittsrede,094914435,True
094978069,Verweis,094927405,True
094978069,Verweis,094977127,True
094978069,Verweis,09497702X,True
094978069,Verweis,094978301,True
094978069,Verweis,094978298,True
094978069,Verweis,09497828X,True
094978069,Verweis,094978271,True
094978069,Verweis,094978263,True
094978069,Verweis,094978255,True
094978069,Verweis,094978247,True
094978069,Verweis,094978239,True
094978069,Verweis,094978220,True
094978069,Verweis,094977011,True
094978069,Verweis,09490524X,True
094978069,Verweis,094976937,True
094978069,Verweis,094976953,True
094978069,Verweis,094978212,True
094978069,Verweis,094978204,True
094978069,Verweis,094978190,True
094978069,Verweis,094976945,True
094978069,Verweis,094976929,True
094978069,Verweis,094978182,True
094978069,Verweis,094978174,True
094978069,Verweis,094978166,True
094978069,Verweis,094978158,True
094978069,Verweis,09497814X,True
094978069,Verweis,094978131,True
094978069,Verweis,094978123,True
094978069,Verweis,094978115,True
094978069,Verweis,094978107,True
094978069,Verweis,094978093,True
094978069,Verweis,094978085,True
094978069,Verweis,094978077,True
094978069,Verweis,NEU-094978069-126,True
094978069,Verweis,NEU-094978069-127,True
094978069,Verweis,094978050,True
094978069,Verweis,094978042,True
094978069,Verweis,094976880,True
094978069,Verweis,094978034,True
094978069,Verweis,094947325,True
094978069,Verweis,094978026,True
094978069,Verweis,094916306,True
NEU-094978069-127,Verweis,094978069,True
094907390,Verweis,094922179,True
NEU-094922179-139,Verweis,094922179,True
094978050,Verweis,094927405,True
094978050,Verweis,094977127,True
094978050,Verweis,09497702X,True
094978050,Verweis,094978301,True
094978050,Verweis,094978298,True
094978050,Verweis,09497828X,True
094978050,Verweis,094978271,True
094978050,Verweis,094978263,True
094978050,Verweis,094978255,True
094978050,Verweis,094978247,True
094978050,Verweis,094978239,True
094978050,Verweis,094978220,True
094978050,Verweis,094977011,True
094978050,Verweis,09490524X,True
094978050,Verweis,094976937,True
094978050,Verweis,094976953,True
094978050,Verweis,094978212,True
094978050,Verweis,094978204,True
094978050,Verweis,094978190,True
094978050,Verweis,094976945,True
094978050,Verweis,094976929,True
094978050,Verweis,094978182,True
094978050,Verweis,094978174,True
094978050,Verweis,094978166,True
094978050,Verweis,094978158,True
094978050,Verweis,09497814X,True
094978050,Verweis,094978131,True
094978050,Verweis,094978123,True
094978050,Verweis,094978115,True
094978050,Verweis,094978107,True
094978050,Verweis,094978093,True
094978050,Verweis,094978085,True
094978050,Verweis,094978077,True
094978050,Verweis,094978069,True
094978050,Verweis,NEU-094978050-128,True
094978050,Verweis,NEU-094978050-129,True
094978050,Verweis,094978042,True
094978050,Verweis,094976880,True
094978050,Verweis,094978034,True
094978050,Verweis,094947325,True
094978050,Verweis,094978026,True
094978050,Verweis,094916306,True
NEU-094978050-129,Verweis,094978050,True
094933081,Verweis,094968543,True
094978042,Verweis,094927405,True
094978042,Verweis,094977127,True
094978042,Verweis,09497702X,True
094978042,Verweis,094978301,True
094978042,Verweis,094978298,True
094978042,Verweis,09497828X,True
094978042,Verweis,094978271,True
094978042,Verweis,094978263,True
094978042,Verweis,094978255,True
094978042,Verweis,094978247,True
094978042,Verweis,094978239,True
094978042,Verweis,094978220,True
094978042,Verweis,094977011,True
094978042,Verweis,09490524X,True
094978042,Verweis,094976937,True
094978042,Verweis,094976953,True
094978042,Verweis,094978212,True
094978042,Verweis,094978204,True
094978042,Verweis,094978190,True
094978042,Verweis,094976945,True
094978042,Verweis,094976929,True
094978042,Verweis,094978182,True
094978042,Verweis,094978174,True
094978042,Verweis,094978166,True
094978042,Verweis,094978158,True
094978042,Verweis,09497814X,True
094978042,Verweis,094978131,True
094978042,Verweis,094978123,True
094978042,Verweis,094978115,True
094978042,Verweis,094978107,True
094978042,Verweis,094978093,True
094978042,Verweis,094978085,True
094978042,Verweis,094978077,True
094978042,Verweis,094978069,True
094978042,Verweis,094978050,True
094978042,Verweis,NEU-094978042-130,True
094978042,Verweis,NEU-094978042-131,True
094978042,Verweis,094976880,True
094978042,Verweis,094978034,True
094978042,Verweis,094947325,True
094978042,Verweis,094978026,True
094978042,Verweis,094916306,True
NEU-094978042-131,Verweis,094978042,True
094949379,Verweis,094968977,True
094976880,Verweis,094927405,True
094976880,Verweis,094977127,True
094976880,Verweis,09497702X,True
094976880,Verweis,094978301,True
094976880,Verweis,094978298,True
094976880,Verweis,09497828X,True
094976880,Verweis,094978271,True
094976880,Verweis,094978263,True
094976880,Verweis,094978255,True
094976880,Verweis,094978247,True
094976880,Verweis,094978239,True
094976880,Verweis,094978220,True
094976880,Verweis,094977011,True
094976880,Verweis,09490524X,True
094976880,Verweis,094976937,True
094976880,Verweis,094976953,True
094976880,Verweis,094978212,True
094976880,Verweis,094978204,True
094976880,Verweis,094978190,True
094976880,Verweis,094976945,True
094976880,Verweis,094976929,True
094976880,Verweis,094978182,True
094976880,Verweis,094978174,True
094976880,Verweis,094978166,True
094976880,Verweis,094978158,True
094976880,Verweis,09497814X,True
094976880,Verweis,094978131,True
094976880,Verweis,094978123,True
094976880,Verweis,094978115,True
094976880,Verweis,094978107,True
094976880,Verweis,094978093,True
094976880,Verweis,094978085,True
094976880,Verweis,094978077,True
094976880,Verweis,094978069,True
094976880,Verweis,094978050,True
094976880,Verweis,094978042,True
094976880,Verweis,NEU-094976880-132,True
094976880,Verweis,NEU-094976880-133,True
094976880,Verweis,094978034,True
094976880,Verweis,094947325,True
094976880,Verweis,094978026,True
094976880,Verweis,094916306,True
NEU-094976880-133,Verweis,094976880,True
094978034,Verweis,094927405,True
094978034,Verweis,094977127,True
094978034,Verweis,09497702X,True
094978034,Verweis,094978301,True
094978034,Verweis,094978298,True
094978034,Verweis,09497828X,True
094978034,Verweis,094978271,True
094978034,Verweis,094978263,True
094978034,Verweis,094978255,True
094978034,Verweis,094978247,True
094978034,Verweis,094978239,True
094978034,Verweis,094978220,True
094978034,Verweis,094977011,True
094978034,Verweis,09490524X,True
094978034,Verweis,094976937,True
094978034,Verweis,094976953,True
094978034,Verweis,094978212,True
094978034,Verweis,094978204,True
094978034,Verweis,094978190,True
094978034,Verweis,094976945,True
094978034,Verweis,094976929,True
094978034,Verweis,094978182,True
094978034,Verweis,094978174,True
094978034,Verweis,094978166,True
094978034,Verweis,094978158,True
094978034,Verweis,09497814X,True
094978034,Verweis,094978131,True
094978034,Verweis,094978123,True
094978034,Verweis,094978115,True
094978034,Verweis,094978107,True
094978034,Verweis,094978093,True
094978034,Verweis,094978085,True
094978034,Verweis,094978077,True
094978034,Verweis,094978069,True
094978034,Verweis,094978050,True
094978034,Verweis,094978042,True
094978034,Verweis,094976880,True
094978034,Verweis,NEU-094978034-134,True
094978034,Verweis,NEU-094978034-135,True
094978034,Verweis,094947325,True
094978034,Verweis,094978026,True
094978034,Verweis,094916306,True
NEU-094978034-135,Verweis,094978034,True
094947325,Verweis,094927405,True
094947325,Verweis,094977127,True
094947325,Verweis,09497702X,True
094947325,Verweis,094978301,True
094947325,Verweis,094978298,True
094947325,Verweis,09497828X,True
094947325,Verweis,094978271,True
094947325,Verweis,094978263,True
094947325,Verweis,094978255,True
094947325,Verweis,094978247,True
094947325,Verweis,094978239,True
094947325,Verweis,094978220,True
094947325,Verweis,094977011,True
094947325,Verweis,09490524X,True
094947325,Verweis,094976937,True
094947325,Verweis,094976953,True
094947325,Verweis,094978212,True
094947325,Verweis,094978204,True
094947325,Verweis,094978190,True
094947325,Verweis,094976945,True
094947325,Verweis,094976929,True
094947325,Verweis,094978182,True
094947325,Verweis,094978174,True
094947325,Verweis,094978166,True
094947325,Verweis,094978158,True
094947325,Verweis,09497814X,True
094947325,Verweis,094978131,True
094947325,Verweis,094978123,True
094947325,Verweis,094978115,True
094947325,Verweis,094978107,True
094947325,Verweis,094978093,True
094947325,Verweis,094978085,True
094947325,Verweis,094978077,True
094947325,Verweis,094978069,True
094947325,Verweis,094978050,True
094947325,Verweis,094978042,True
094947325,Verweis,094976880,True
094947325,Verweis,094978034,True
094947325,Verweis,NEU-094947325-136,True
094947325,Verweis,NEU-094947325-137,True
094947325,Verweis,094978026,True
094947325,Verweis,094916306,True
NEU-094947325-137,Verweis,094947325,True
094968543,Verweis,094933081,True
094922608,Antwort,NEU-ANTWORT-23,True
NEU-ANTWORT-23,Antrittsrede,094922608,True
094954119,Verweis,094921458,True
094954119,Verweis,094939411,True
094897573,Verweis,094909962,True
094897573,Verweis,NEU-094897573-138,True
094907404,Verweis,094896399,True
094921458,Verweis,094954119,True
094909962,Verweis,094897573,True
094922179,Verweis,094907390,True
094922179,Verweis,NEU-094922179-139,True
NEU-094897573-138,Verweis,094897573,True
094964696,Verweis,094959390,True
094896399,Verweis,094907404,True
094961204,Verweis,094923299,True
094915032,Verweis,094969507,True
094959390,Verweis,094964696,True
094960887,Verweis,094961956,True
09492984X,Verweis,094950849,True
094923299,Verweis,094961204,True
094964882,Verweis,094968977,True
094978026,Verweis,094927405,True
094978026,Verweis,094977127,True
094978026,Verweis,09497702X,True
094978026,Verweis,094978301,True
094978026,Verweis,094978298,True
094978026,Verweis,09497828X,True
094978026,Verweis,094978271,True
094978026,Verweis,094978263,True
094978026,Verweis,094978255,True
094978026,Verweis,094978247,True
094978026,Verweis,094978239,True
094978026,Verweis,094978220,True
094978026,Verweis,094977011,True
094978026,Verweis,09490524X,True
094978026,Verweis,094976937,True
094978026,Verweis,094976953,True
094978026,Verweis,094978212,True
094978026,Verweis,094978204,True
094978026,Verweis,094978190,True
094978026,Verweis,094976945,True
094978026,Verweis,094976929,True
094978026,Verweis,094978182,True
094978026,Verweis,094978174,True
094978026,Verweis,094978166,True
094978026,Verweis,094978158,True
094978026,Verweis,09497814X,True
094978026,Verweis,094978131,True
094978026,Verweis,094978123,True
094978026,Verweis,094978115,True
094978026,Verweis,094978107,True
094978026,Verweis,094978093,True
094978026,Verweis,094978085,True
094978026,Verweis,094978077,True
094978026,Verweis,094978069,True
094978026,Verweis,094978050,True
094978026,Verweis,094978042,True
094978026,Verweis,094976880,True
094978026,Verweis,094978034,True
094978026,Verweis,094947325,True
094978026,Verweis,NEU-094978026-140,True
094978026,Verweis,NEU-094978026-141,True
094978026,Verweis,094916306,True
NEU-094978026-141,Verweis,094978026,True
094932425,Nachtrag,NEU-094932425-142,True
094916306,Verweis,094927405,True
094916306,Verweis,094977127,True
094916306,Verweis,09497702X,True
094916306,Verweis,094978301,True
094916306,Verweis,094978298,True
094916306,Verweis,09497828X,True
094916306,Verweis,094978271,True
094916306,Verweis,094978263,True
094916306,Verweis,094978247,True
094916306,Verweis,094978239,True
094916306,Verweis,094978220,True
094916306,Verweis,094977011,True
094916306,Verweis,09490524X,True
094916306,Verweis,094976937,True
094916306,Verweis,094976953,True
094916306,Verweis,094978212,True
094916306,Verweis,094978204,True
094916306,Verweis,094978190,True
094916306,Verweis,094976945,True
094916306,Verweis,094976929,True
094916306,Verweis,094978182,True
094916306,Verweis,094978174,True
094916306,Verweis,094978166,True
094916306,Verweis,094978158,True
094916306,Verweis,09497814X,True
094916306,Verweis,094978131,True
094916306,Verweis,094978123,True
094916306,Verweis,094978115,True
094916306,Verweis,094978107,True
094916306,Verweis,094978093,True
094916306,Verweis,094978085,True
094916306,Verweis,094978077,True
094916306,Verweis,094978069,True
094916306,Verweis,094978050,True
094916306,Verweis,094978042,True
094916306,Verweis,094976880,True
094916306,Verweis,094978034,True
094916306,Verweis,094947325,True
094916306,Verweis,094978026,True
094916306,Verweis,094978255,True
094916306,Verweis,NEU-094916306-143,True
094916306,Verweis,NEU-094916306-144,True
NEU-094916306-144,Verweis,094916306,True
094968462,Hauptteil,09497036X,True
094968462,Verweis,09497036X,True
NEU-094932425-142,Hauptteil,094932425,True
094954615,Verweis,094968683,True
094936722,Antwort,NEU-ANTWORT-24,True
NEU-ANTWORT-24,Antrittsrede,094936722,True
09494184X,Verweis,094953708,True
094899355,Fortsetzung,09490457X,True
094939411,Verweis,094954119,True
53953742X,Antwort,539540153,True
094950156,Antwort,539540153,True
094933561,Antwort,539540153,True
539540153,Antrittsrede,53953742X,True
539540153,Antrittsrede,094950156,True
539540153,Antrittsrede,094933561,True
094911614,Verweis,094923035,True
094950849,Verweis,09492984X,True
094968683,Verweis,094954615,True
09492452X,Antwort,NEU-ANTWORT-25,True
NEU-ANTWORT-25,Antrittsrede,09492452X,True
094923191,Antwort,543512770,True
094920559,Antwort,543512770,True
543512770,Antrittsrede,094923191,True
543512770,Antrittsrede,094920559,True
09490457X,Hauptteil,094899355,True
094907374,Antwort,NEU-ANTWORT-26,True
NEU-ANTWORT-26,Antrittsrede,094907374,True
094919089,Antwort,NEU-ANTWORT-27,True
NEU-ANTWORT-27,Antrittsrede,094919089,True
094918112,Antwort,NEU-ANTWORT-28,True
NEU-ANTWORT-28,Antrittsrede,094918112,True
094951063,Nachtrag,094936471,True
094951063,Verweis,094936471,True
094956804,Verweis,094900175,True
094936471,Hauptteil,094951063,True
094936471,Verweis,094951063,True
094898278,Antwort,544080475,True
094969582,Antwort,544080475,True
544080475,Antrittsrede,094908095,True
544080475,Antrittsrede,094898278,True
544080475,Antrittsrede,094969582,True
094936951,Hauptteil,094954674,True
094908095,Antwort,544080475,True
094900175,Verweis,094956804,True
094914443,Antwort,NEU-ANTWORT-29,True
NEU-ANTWORT-29,Antrittsrede,094914443,True
094964793,Nachtrag,NEU-094964793-145,True
094929890,Verweis,094969140,True
094933987,Antwort,NEU-ANTWORT-30,True
NEU-ANTWORT-30,Antrittsrede,094933987,True
NEU-094926085-147,Verweis,094926085,True
NEU-094964793-145,Hauptteil,094964793,True
09490880X,Verweis,NEU-09490880X-146,True
094926085,Verweis,NEU-094926085-147,True
094960127,Hauptteil,094977224,True
094960127,Verweis,094977224,True
094918147,Antwort,NEU-ANTWORT-31,True
NEU-ANTWORT-31,Antrittsrede,094918147,True
NEU-09490880X-146,Verweis,09490880X,True
094931720,Verweis,094942803,True
09493441X,Antwort,546280447,True
094901694,Antwort,546280447,True
546280447,Antrittsrede,09493441X,True
546280447,Antrittsrede,094901694,True
094925240,Antwort,NEU-ANTWORT-32,True
NEU-ANTWORT-32,Antrittsrede,094925240,True
094969140,Verweis,094929890,True
094916969,Nachtrag,094898189,True
094916969,Verweis,094898189,True
094898189,Hauptteil,094916969,True
094898189,Verweis,094916969,True
094946981,Verweis,094914095,True
094924716,Verweis,094938776,True
094924716,Verweis,NEU-094924716-148,True
094924716,Verweis,094964718,True
094924716,Verweis,094952345,True
094924716,Verweis,094911525,True
094924716,Verweis,NEU-094924716-149,True
094924716,Verweis,NEU-094924716-150,True
094924716,Verweis,NEU-094924716-151,True
094924716,Verweis,NEU-094924716-152,True
094924716,Verweis,094933758,True
094924716,Verweis,NEU-094924716-153,True
094924716,Verweis,NEU-094924716-154,True
094924716,Verweis,NEU-094924716-155,True
094924716,Verweis,09491852X,True
094924562,Verweis,094953775,True
094924562,Verweis,094959846,True
094949824,Verweis,094946000,True
094949824,Verweis,094943389,True
094949824,Verweis,09496310X,True
094914095,Verweis,094946981,True
094967121,Fortsetzung,094969183,True
094967121,Verweis,094969183,True
094942803,Verweis,094931720,True
09491916X,Antwort,546640710,True
09491608X,Antwort,546640710,True
09491429X,Antwort,546640710,True
546640710,Antrittsrede,09491916X,True
546640710,Antrittsrede,09491608X,True
546640710,Antrittsrede,09491429X,True
094915830,Antwort,546642756,True
546642756,Antrittsrede,094915830,True
094953775,Verweis,094924562,True
094914680,Verweis,094966990,True
094914680,Verweis,094934398,True
09490264X,Verweis,094919607,True
09490264X,Verweis,094971005,True
09490264X,Verweis,094910774,True
094966990,Verweis,094914680,True
094919607,Verweis,09490264X,True
094946000,Verweis,094949824,True
094946000,Verweis,094943389,True
094946000,Verweis,09496310X,True
094943389,Verweis,094949824,True
094943389,Verweis,094946000,True
094943389,Verweis,09496310X,True
094976368,Fortsetzung,094939640,True
094976368,Verweis,094969965,True
094976368,Verweis,094939640,True
094969183,Hauptteil,094967121,True
094969183,Verweis,094967121,True
094938776,Verweis,094924716,True
094938776,Verweis,094964718,True
094938776,Verweis,094952345,True
094938776,Verweis,094911525,True
094938776,Verweis,NEU-094938776-156,True
094938776,Verweis,NEU-094938776-157,True
094938776,Verweis,NEU-094938776-158,True
094938776,Verweis,NEU-094938776-159,True
094938776,Verweis,094933758,True
094938776,Verweis,NEU-094938776-160,True
094938776,Verweis,NEU-094938776-161,True
094938776,Verweis,NEU-094938776-162,True
094938776,Verweis,09491852X,True
NEU-094924716-148,Verweis,094924716,True
NEU-094964718-163,Verweis,094964718,True
NEU-094952345-171,Verweis,094952345,True
NEU-094911525-180,Verweis,094911525,True
NEU-094933758-186,Verweis,094933758,True
NEU-09491852X-191,Verweis,09491852X,True
094971005,Verweis,09490264X,True
094971005,Verweis,094910774,True
094959846,Verweis,094924562,True
09496310X,Verweis,094949824,True
09496310X,Verweis,094946000,True
09496310X,Verweis,094943389,True
094935602,Verweis,094901031,True
094910774,Verweis,094971005,True
094910774,Verweis,09490264X,True
094936226,Antwort,547165242,True
547165242,Antrittsrede,094936226,True
094969450,Antwort,54716789X,True
54716789X,Antrittsrede,094969450,True
094934304,Antwort,547169612,True
547169612,Antrittsrede,094934304,True
094933642,Antwort,547171811,True
094910456,Antwort,547171811,True
547171811,Antrittsrede,094933642,True
547171811,Antrittsrede,094910456,True
094927510,Antwort,547172591,True
547172591,Antrittsrede,094927510,True
094976732,Verweis,094936625,True
09490281X,Verweis,094967490,True
094934398,Verweis,094914680,True
09490569X,Antwort,549662421,True
549662421,Antrittsrede,09490569X,True
094902925,Antwort,54966338X,True
54966338X,Antrittsrede,094902925,True
094901031,Verweis,094935602,True
094964718,Verweis,094924716,True
094964718,Verweis,094938776,True
094964718,Verweis,NEU-094964718-163,True
094964718,Verweis,094952345,True
094964718,Verweis,094911525,True
094964718,Verweis,NEU-094964718-164,True
094964718,Verweis,NEU-094964718-165,True
094964718,Verweis,NEU-094964718-166,True
094964718,Verweis,NEU-094964718-167,True
094964718,Verweis,094933758,True
094964718,Verweis,NEU-094964718-168,True
094964718,Verweis,NEU-094964718-169,True
094964718,Verweis,NEU-094964718-170,True
094964718,Verweis,09491852X,True
094967490,Verweis,09490281X,True
094936625,Verweis,094976732,True
094901368,Antwort,558576095,True
558576095,Antrittsrede,094901368,True
094952345,Verweis,094924716,True
094952345,Verweis,094938776,True
094952345,Verweis,094964718,True
094952345,Verweis,NEU-094952345-171,True
094952345,Verweis,094911525,True
094952345,Verweis,NEU-094952345-172,True
094952345,Verweis,NEU-094952345-173,True
094952345,Verweis,NEU-094952345-174,True
094952345,Verweis,NEU-094952345-175,True
094952345,Verweis,094933758,True
094952345,Verweis,NEU-094952345-176,True
094952345,Verweis,NEU-094952345-177,True
094952345,Verweis,NEU-094952345-178,True
094952345,Verweis,09491852X,True
09496906X,Verweis,094927480,True
09496906X,Verweis,094952183,True
094908591,Antwort,558997899,True
558997899,Antrittsrede,094908591,True
094912912,Antwort,559003323,True
559003323,Antrittsrede,094912912,True
094916608,Antwort,559003803,True
559003803,Antrittsrede,094916608,True
094945225,Antwort,559010761,True
559010761,Antrittsrede,094945225,True
094913862,Antwort,559036116,True
559036116,Antrittsrede,094913862,True
094913188,Antwort,559036906,True
559036906,Antrittsrede,094913188,True
094908346,Verweis,094911444,True
094910707,Verweis,094942188,True
094901082,Verweis,094958602,True
NEU-094958602-179,Verweis,094958602,True
094958602,Verweis,094901082,True
094958602,Verweis,NEU-094958602-179,True
094976457,Verweis,094976511,True
094976457,Verweis,094976449,True
094976457,Verweis,094976422,True
09495447X,Verweis,094896364,True
094922373,Verweis,094963606,True
094911444,Verweis,094908346,True
094945950,Verweis,094944245,True
094945950,Verweis,094951454,True
094976511,Verweis,094976457,True
09495352X,Verweis,094969159,True
NEU-094944245-184,Verweis,094944245,True
NEU-094951454-185,Verweis,094951454,True
094926743,Verweis,094969973,True
094926743,Verweis,094897883,True
094926743,Verweis,094963800,True
094926743,Verweis,09496047X,True
094911525,Verweis,094924716,True
094911525,Verweis,094938776,True
094911525,Verweis,094964718,True
094911525,Verweis,094952345,True
094911525,Verweis,NEU-094911525-180,True
094911525,Verweis,094933758,True
094911525,Verweis,NEU-094911525-181,True
094911525,Verweis,NEU-094911525-182,True
094911525,Verweis,NEU-094911525-183,True
094911525,Verweis,09491852X,True
NEU-094924716-149,Verweis,094924716,True
NEU-094938776-156,Verweis,094938776,True
NEU-094964718-164,Verweis,094964718,True
NEU-094952345-172,Verweis,094952345,True
NEU-094933758-187,Verweis,094933758,True
NEU-09491852X-192,Verweis,09491852X,True
094927480,Verweis,09496906X,True
NEU-094924716-150,Verweis,094924716,True
NEU-094938776-157,Verweis,094938776,True
NEU-094964718-165,Verweis,094964718,True
NEU-094952345-173,Verweis,094952345,True
NEU-094933758-188,Verweis,094933758,True
NEU-09491852X-193,Verweis,09491852X,True
094969973,Verweis,094926743,True
NEU-094924716-151,Verweis,094924716,True
NEU-094938776-158,Verweis,094938776,True
NEU-094964718-166,Verweis,094964718,True
NEU-094952345-174,Verweis,094952345,True
NEU-094933758-189,Verweis,094933758,True
NEU-09491852X-194,Verweis,09491852X,True
NEU-094924716-152,Verweis,094924716,True
NEU-094938776-159,Verweis,094938776,True
NEU-094964718-167,Verweis,094964718,True
NEU-094952345-175,Verweis,094952345,True
NEU-094933758-190,Verweis,094933758,True
NEU-09491852X-195,Verweis,09491852X,True
094963606,Verweis,094922373,True
094969159,Verweis,09495352X,True
094913536,Antwort,559200226,True
559200226,Antrittsrede,094913536,True
09496971X,Antwort,559201265,True
559201265,Antrittsrede,09496971X,True
094948976,Antwort,559201753,True
559201753,Antrittsrede,094948976,True
094944245,Verweis,094945950,True
094944245,Verweis,NEU-094944245-184,True
094944245,Verweis,094951454,True
094896364,Verweis,09495447X,True
094969965,Verweis,094976368,True
094969965,Fortsetzung,094939640,True
094951454,Verweis,094944245,True
094951454,Verweis,094945950,True
094951454,Verweis,NEU-094951454-185,True
094933758,Verweis,094924716,True
094933758,Verweis,094938776,True
094933758,Verweis,094964718,True
094933758,Verweis,094952345,True
094933758,Verweis,094911525,True
094933758,Verweis,NEU-094933758-186,True
094933758,Verweis,NEU-094933758-187,True
094933758,Verweis,NEU-094933758-188,True
094933758,Verweis,NEU-094933758-189,True
094933758,Verweis,NEU-094933758-190,True
094933758,Verweis,09491852X,True
NEU-094924716-153,Verweis,094924716,True
NEU-094938776-160,Verweis,094938776,True
NEU-094964718-168,Verweis,094964718,True
NEU-094952345-176,Verweis,094952345,True
NEU-094911525-181,Verweis,094911525,True
NEU-09491852X-196,Verweis,09491852X,True
NEU-094924716-154,Verweis,094924716,True
NEU-094938776-161,Verweis,094938776,True
NEU-094964718-169,Verweis,094964718,True
NEU-094952345-177,Verweis,094952345,True
NEU-094911525-182,Verweis,094911525,True
NEU-09491852X-197,Verweis,09491852X,True
NEU-094924716-155,Verweis,094924716,True
NEU-094938776-162,Verweis,094938776,True
NEU-094964718-170,Verweis,094964718,True
NEU-094952345-178,Verweis,094952345,True
NEU-094911525-183,Verweis,094911525,True
NEU-09491852X-198,Verweis,09491852X,True
094976449,Verweis,094976457,True
094897883,Verweis,094926743,True
094942188,Verweis,094910707,True
094939640,Hauptteil,094976368,True
094939640,Hauptteil,094969965,True
094939640,Verweis,094976368,True
094926174,Antwort,565126156,True
565126156,Antrittsrede,094926174,True
094935564,Antwort,565126318,True
094941505,Antwort,565126318,True
565126318,Antrittsrede,094935564,True
565126318,Antrittsrede,094941505,True
094933391,Antwort,565126539,True
565126539,Antrittsrede,094933391,True
09491852X,Verweis,094933758,True
09491852X,Verweis,094924716,True
09491852X,Verweis,094938776,True
09491852X,Verweis,NEU-09491852X-191,True
09491852X,Verweis,094964718,True
09491852X,Verweis,094952345,True
09491852X,Verweis,094911525,True
09491852X,Verweis,NEU-09491852X-192,True
09491852X,Verweis,NEU-09491852X-193,True
09491852X,Verweis,NEU-09491852X-194,True
09491852X,Verweis,NEU-09491852X-195,True
09491852X,Verweis,NEU-09491852X-196,True
09491852X,Verweis,NEU-09491852X-197,True
09491852X,Verweis,NEU-09491852X-198,True
094952183,Verweis,09496906X,True
094968179,Nachtrag,094908702,True
094968179,Verweis,094908702,True
094934797,Verweis,094910316,True
094934797,Verweis,NEU-094934797-199,True
094908702,Hauptteil,094968179,True
094908702,Verweis,094968179,True
094910316,Verweis,094934797,True
NEU-094934797-199,Verweis,094934797,True
094963800,Verweis,094926743,True
094938490,Verweis,09495898X,True
094938490,Verweis,094937710,True
094976422,Verweis,094976457,True
09496047X,Verweis,094926743,True
094896917,Antwort,565803697,True
565803697,Antrittsrede,094896917,True
09489664X,Antwort,565804324,True
565804324,Antrittsrede,09489664X,True
094901686,Verweis,09491737X,True
NEU-094902054-203,Verweis,094902054,True
094908117,Verweis,094902054,True
09493486X,Antwort,566453843,True
094936072,Antwort,566453843,True
566453843,Antrittsrede,09493486X,True
566453843,Antrittsrede,094936072,True
09494329X,Antwort,566562987,True
094948119,Antwort,566562987,True
566562987,Antrittsrede,09494329X,True
566562987,Antrittsrede,094948119,True
094967881,Verweis,094953074,True
094967881,Verweis,NEU-094967881-200,True
094967881,Verweis,NEU-094967881-201,True
09495898X,Verweis,094938490,True
09495898X,Verweis,094937710,True
094944911,Verweis,094969043,True
094944911,Verweis,094918627,True
094953074,Verweis,094967881,True
094969043,Verweis,094944911,True
094969043,Verweis,094918627,True
NEU-094967881-200,Verweis,094967881,True
NEU-094967881-201,Verweis,094967881,True
NEU-094937710-202,Verweis,094937710,True
094918627,Verweis,094944911,True
094918627,Verweis,094969043,True
094937710,Verweis,094938490,True
094937710,Verweis,09495898X,True
094937710,Verweis,NEU-094937710-202,True
094902054,Verweis,094908117,True
094902054,Verweis,NEU-094902054-203,True
094935599,Verweis,094906386,True
094907765,Verweis,094934169,True
094907765,Verweis,094958343,True
094948135,Antwort,570178517,True
570178517,Antrittsrede,094948135,True
094899517,Antwort,570179203,True
570179203,Antrittsrede,094899517,True
094943036,Antwort,570179696,True
570179696,Antrittsrede,094943036,True
094978018,Fortsetzung,NEU-094978018-204,True
094914141,Verweis,094918074,True
094906386,Verweis,094935599,True
094934169,Verweis,094907765,True
NEU-094978018-204,Hauptteil,094978018,True
094923809,Verweis,094941645,True
094918074,Verweis,094914141,True
09491737X,Verweis,094901686,True
094958343,Verweis,094907765,True
094940169,Verweis,094942668,True
094941076,Verweis,094932123,True
094944768,Fortsetzung,094903158,True
094944768,Verweis,094903158,True
094898839,Verweis,094967725,True
094898839,Verweis,094959668,True
094900949,Antwort,NEU-ANTWORT-33,True
094902070,Antwort,NEU-ANTWORT-33,True
NEU-ANTWORT-33,Antrittsrede,094900949,True
NEU-ANTWORT-33,Antrittsrede,094902070,True
094967725,Verweis,094898839,True
094911754,Nachtrag,094948003,True
094911754,Verweis,094948003,True
094941645,Verweis,094923809,True
094959668,Verweis,094898839,True
094903158,Hauptteil,094944768,True
094903158,Verweis,094944768,True
094948003,Hauptteil,094911754,True
094948003,Verweis,094911754,True
094932611,Antwort,NEU-ANTWORT-34,True
NEU-ANTWORT-34,Antrittsrede,094932611,True
094902291,Antwort,NEU-ANTWORT-35,True
NEU-ANTWORT-35,Antrittsrede,094902291,True
094932123,Verweis,094941076,True
094942668,Verweis,094940169,True
